Product Name,Item ID,SKU ID,Super Department,Department,Category,Sub Category,Brand,GMV,Commission,GMV-Commission,AUR,Total Units Sold,Cancelled Units,Cancelled Sales,Item Conversion Rate,Base Item Id,Total Product Visits,GMV Comp %,Authorized Orders,Authorized Units,Authorized Sales,Total LY GMV
"Dungeons & Dragons 1.65"" Die-Cast Collectible Figures 5-Pack Wave 1",718135403,801310316924-OAG,07 TOYS,BOY ACTIVITY,TOY ACTION FIGURES,ACTION FIGURES,Dungeons & Dragons,21.72,3.26,18.46,10.86,2,0,0.00,28.57,718135403,7,0.00,2,2,21.72,0.00
"Crush Orange Soda, 12 fl oz cans, 12 pack",33284105,078000013054-OAG,95 SNACKS AND BEVERAGES,CSD,CSD CANS,12 PACK CANS,Orange Crush,0.00,0.00,0.00,0.00,0,0,0.00,0.00,33284105,0,0.00,0,0,0.00,0.00
HTH 80783 13.3 oz Granule Shock - Pack of 18,586490140,586490140,16 PATIO AND GARDEN,POOL AND SALT,POOL AND SPA CHEMICALS,POOL CHEMICALS,hth,0.00,0.00,0.00,0.00,0,0,0.00,0.00,586490140,0,0.00,0,0,0.00,0.00
"Wireless Digital Microscope Handheld USB HD Inspection Camera 50x-1000x Magnification with Stand Compatible with iPhone, iPad, Samsung Galaxy, Android, Mac, Windows Computer Black",100945833,100945833,72 ELECTRONICS,COMPUTER ACCESSORIES,POWER,BATTERIES AND CHARGERS,T TAKMLY,0.00,0.00,0.00,0.00,0,0,0.00,0.00,100945833,0,0.00,0,0,0.00,0.00
"Coleman Power Steel  18' x 48"" Deluxe Series Pool Set",250245544,250245544,07 TOYS,SUMMER SEASONAL,POOLS,LARGE POOLS,Coleman,0.00,0.00,0.00,0.00,0,0,0.00,0.00,250245544,0,0.00,0,0,0.00,0.00
"BIC Mixed Point Size Mechanical Pencil, Xtra-Sparkle (0.7mm), Xtra-Precision (0.5mm), Xtra-Strong (0.9mm), Total 60 Count",719576005,719576005,03 STATIONERY,WRITING OFFICE BOARDS,WRITING,PENCILS,BIC,0.00,0.00,0.00,0.00,0,0,0.00,0.00,719576005,0,0.00,0,0,0.00,0.00
"Kotex U Barely There Liners, Light Absorbency, Regular, Fragrance-Free, 100 Count",721707668,721707668,02 PERSONAL CARE,FEMININE PRODUCTS AND INCONTINENCE,FEMININE NEEDS,LINERS,Kotex,0.00,0.00,0.00,0.00,0,0,0.00,0.00,721707668,0,0.00,0,0,0.00,0.00
"Perrier Carbonated Mineral Water, 16.9 Fl. Oz. (24 count) Plastic Bottles With 2 Cans of Pineapple & Mango Fusions (Total 26 count)",788887837,788887837,95 SNACKS AND BEVERAGES,WATER,NON FLAVORED WATER,PREMIUM WATER,Perrier,0.00,0.00,0.00,0.00,0,0,0.00,0.00,788887837,0,0.00,0,0,0.00,0.00
"London Cocoa Butter Naturally Moisturizing Bath Bar, 4.25 Oz",46008152,46008152,46 BEAUTY,SPECIALTY HAIR,TEXTURED HAIR AND BEAUTY AIDS,AA SKIN CARE,Yardley London,0.00,0.00,0.00,0.00,0,0,0.00,0.00,46008152,0,0.00,0,0,0.00,0.00
EPAuto CP134 (CF10134) Honda & Acura Premium Cabin Air Filter includes Activated Carbon,177865128,177865128,10 AUTOMOTIVE,AUTO MOTOR OIL AND FILTERS,AUTO FILTERS AND TOOLS,AUTO AIR FILTER,EP Auto,0.00,0.00,0.00,0.00,0,0,0.00,0.00,177865128,0,0.00,0,0,0.00,0.00
"Nature's Bounty Fish Oil Softgels, 1200Mg, 180 Ct, 2 Pack",48006483,48006483,40 PHARMACY OTC,WELLNESS,VITAMINS AND SUPPLEMENTS,HEART HEALTH SUPPLEMENTS,Nature's Bounty,0.00,0.00,0.00,0.00,0,0,0.00,0.00,48006483,0,0.00,0,0,0.00,0.00
"Essentia Water; Ionized, Alkaline 1 Liter Bottles; Case of 36",499132432,499132432,95 SNACKS AND BEVERAGES,WATER,NON FLAVORED WATER,PREMIUM WATER,Essentia,0.00,0.00,0.00,0.00,0,0,0.00,0.00,499132432,0,0.00,0,0,0.00,0.00
"Gorilla 7501201 Super Glue Brush & Nozzle, 12g, Clear",658929853,658929853,12 DO IT YOURSELF,DIY ACCESSORIES,ADHESIVES DIY,GLUES,Gorilla,-5.32,-0.80,-4.52,0.00,-1,1,5.32,0.00,658929853,0,0.00,0,0,0.00,0.00
"Maybelline Lifter Gloss Lip Gloss Makeup With Hyaluronic Acid, Pearl, 0.18 fl. oz.",603413197,603413197,46 BEAUTY,COSMETICS,COSMETICS LIP,COSMETIC LIP GLOSS,Maybelline,-5.45,-0.44,-5.01,0.00,-1,1,5.45,0.00,603413197,0,0.00,0,0,0.00,0.00
Anpro 15 Pack Ring Size Adjuster- with 3 Sizes Clear Ring Sizer Resizer Fit for Loose Rings-Spiral Silicone Tightener Set with Polishing Cloth(Please See The Below Picture for The Steps),484835553,484835553,32 JEWELRY,FASHION AND BRIDGE JEWELRY ECOMM,JEWELRY SOLUTIONS ECOMM,OTHER JEWELRY SOLUTIONS EC,Anpro,-5.99,-0.90,-5.09,0.00,-1,1,5.99,0.00,484835553,0,0.00,0,0,0.00,0.00
Letter Factory (DVD),10975737,10975737,05 MEDIA AND GAMING,MOVIES L2,DVD MOVIES,DVD,Lionsgate Home Entertainment,-8.23,-1.23,-7.00,0.00,-1,1,8.23,0.00,10975737,0,0.00,0,0,0.00,0.00
Duracell Ultra Advanced Alkaline Battery,26009983,26009983,82 IMPULSE MERCHANDISE,BATTERIES,D82 BATTERIES,GENERAL PURPOSE BATTERIES,Duracell,-10.92,-1.64,-9.28,0.00,-2,2,10.92,0.00,26009983,0,0.00,0,0,0.00,0.00
VELCRO Brand Industrial Strength Fasteners | Stick-On Adhesive | Professional Grade Heavy Duty Strength Holds up to 10 lbs on Smooth Surfaces | Indoor Outdoor Use | 1 7/8in Circles. Black . 4 ct.,19870767,19870767,19 ARTS CRAFTS SEWING AND FABRICS,FABRIC AND SEWING,NOTIONS,SEWING GARMENT CARE,VELCRO,-11.10,-1.66,-9.44,0.00,-2,2,11.10,0.00,19870767,0,0.00,0,0,0.00,0.00
Thayers - Witch Hazel Aloe Vera Formula Alcohol Free Facial Toner Coconut Water - 12 fl. oz.,696679844,696679844,46 BEAUTY,SKINCARE,FACECARE,FACIAL CLEANSERS,Thayers,-11.79,-1.77,-10.02,0.00,-1,1,11.79,0.00,696679844,0,0.00,0,0,0.00,0.00
"Mitchell,Joni Blue Abis_Music",301474327,301474327,05 MEDIA AND GAMING,MUSIC L2,MUSIC MEDIA,CD MUSIC,"MITCHELL,JONI",-12.75,-1.91,-10.84,0.00,-1,1,12.75,0.00,301474327,0,0.00,0,0,0.00,0.00
"Crayola Kids Paint Set, Craft Supplies, Amazon for Kids, Ages 3, 4, 5, 6, 7",322753244,322753244,03 STATIONERY,ACTIVITIES SUPPLIES,ACTIVITY,ACTIVITY KITS,Crayola,-13.14,-1.97,-11.17,0.00,-1,1,13.14,0.00,322753244,0,0.00,0,0,0.00,0.00
"Carote 8 Inch Nonstick Skillet Frying Pan Egg Pan Omelet Pan, Nonstick Cookware Granite Coating from Switzerland,Black 8-Inch",288106762,288106762,14 COOK AND DINE,COOKWARE AND BAKEWARE,OPEN STOCK COOKWARE,FRY PANS SKILLETS,Carote,-14.57,-2.19,-12.38,0.00,-1,1,14.57,0.00,288106762,0,0.00,0,0,0.00,0.00
"Elmer's Disappearing Purple Washable School Glue Sticks, 0.24 oz, 4 Count",338195993,338195993,03 STATIONERY,ACTIVITIES SUPPLIES,ACTIVITY,GLUE,Elmer's,-16.26,-2.46,-13.80,0.00,-6,6,16.26,0.00,338195993,0,0.00,0,0,0.00,0.00
"Hmrope 100Pcs Cable Zip Ties Heavy Duty 8 Inch, Premium Plastic Wire Ties With 50 Pounds Tensile Strength, Self-Locking Black Nylon Tie Wraps For Indoor And Outdoor",904486389,904486389,12 DO IT YOURSELF,PLUMBING AND ELECTRICAL,ELECTRICAL,CABLE TIES VELCRO AND ELECTRICAL TAPE,Hmrope,-17.97,-2.70,-15.27,0.00,-3,3,17.97,0.00,904486389,0,0.00,0,0,0.00,0.00
skittles fun size approximately 70 packets 2.5 pounds,524753510,642125413480-OAG,01 CANDY AND TOBACCO,BASIC CANDY,SPECIALTY CANDY,BULK CANDY,Skittles,-18.84,-2.83,-16.01,0.00,-1,1,18.84,0.00,524753510,0,0.00,0,0,0.00,0.00
"Dentyne Fire Sugar Free Gum, Cinnamon, 16 Ct",48320057,012546097314-OAG,01 CANDY AND TOBACCO,BASIC CANDY,GUM MINT D1,GUM MULTIPACK,Dentyne,-19.08,-1.52,-17.56,0.00,-2,2,19.08,0.00,48320057,0,0.00,0,0,0.00,0.00
"3 pack KISS Strip Eyelash Adhesive, Clear 0.176 Oz KPLGL01",655584152,655584152,46 BEAUTY,BEAUTY ACCESSORIES,COSMETICS ACCESSORIES,FALSE LASH AND BROW ACCESSORIES,KISS,-19.32,-1.56,-17.76,0.00,-3,3,19.32,0.00,655584152,0,0.00,0,0,0.00,0.00
"Vitafusion Extra Strength Melatonin Gummy Vitamins, 5mg, 120 ct Gummies",48088488,027917000275-OAG,40 PHARMACY OTC,WELLNESS,VITAMINS AND SUPPLEMENTS,SLEEP AND MOOD,Vitafusion,-20.40,-3.06,-17.34,0.00,-2,2,20.40,0.00,48088488,0,0.00,0,0,0.00,0.00
Wonder Woman 1984 (3D) (Blu-ray + Blu-ray),742181341,742181341,05 MEDIA AND GAMING,MOVIES L2,BLURAY DVD,BLURAY,Warner Bros.,-20.41,-3.06,-17.35,0.00,-1,1,20.41,0.00,742181341,0,0.00,0,0,0.00,0.00
"Gildan Adult Men's Tag Free, Crew T-shirts, White, 12-Pack, Sizes S-2XL",205249699,205249699,23 MENS APPAREL,UNDERWEAR ECOMM MENS,TOPS UNDERWEAR ECOMM MENS,CREW TEES TOPS UNDERWEAR EC MENS,Gildan,-21.31,-3.20,-18.11,0.00,-1,1,21.31,0.00,205249699,0,0.00,0,0,0.00,0.00
Funko POP! Movies: Space Jam: A New Legacy - White Mamba,699281026,889698562300-OAG,05 MEDIA AND GAMING,VG HARDWARE AND ACCESSORIES,VIDEO GAME INTERACTIVE,COLLECTIBLES,Funko,-21.68,-3.26,-18.42,0.00,-2,2,21.68,0.00,699281026,0,0.00,0,0,0.00,0.00
"Elmer's All Purpose School Glue Sticks, Washable, 22 Gram, 30 Count",49661398,49661398,03 STATIONERY,ACTIVITIES SUPPLIES,ACTIVITY,GLUE,Elmer's,-22.82,-3.42,-19.40,22.82,-1,2,45.64,-20.00,49661398,5,0.00,1,1,22.82,0.00
"Bubba Kids Flo BPA-free Water Bottle with Silicone Sleeve Wide Mouth, 16 Oz, Aqua",105058844,105058844,14 COOK AND DINE,HYDRATION AND CHILDRENS,CHILDRENS TABLEWARE,CHILDRENS HYDRATION,Bubba,-24.12,-3.60,-20.52,0.00,-4,4,24.12,0.00,105058844,0,0.00,0,0,0.00,0.00
"NOW Supplements L-Tyrosine 500 mg Supports Mental Alertness Neurotransmitter Support , 120 Capsules",696417629,696417629,22 BEDDING,BEDDING MISC L2,BEDDING MISC L3,BEDDING MISC L4,NOW,-27.14,-4.08,-23.06,0.00,-2,2,27.14,0.00,696417629,0,0.00,0,0,0.00,0.00
Little Tikes 2 in 1 Snug n Secure Swing Blue For 9 Months - 4 Years Old,55378785,55378785,07 TOYS,OUTDOOR PLAY,SWING SETS,SWING SET ACCESSORIES,Little Tikes,-30.48,-4.57,-25.91,0.00,-1,1,30.48,0.00,55378785,0,0.00,0,0,0.00,0.00
Swedish Dishcloth Cellulose Sponge Cloths 10 Pack - Reusable Absorbent Cleaning Dish Towels for Kitchen & Bathroom (10 Eco-Friendly Dishcloths - Multi Color),792947616,792947616,14 COOK AND DINE,TABLE SETTINGS,KITCHEN D14,OPP SOFT KITCHEN,Swedish Wholesale,-33.18,-4.98,-28.20,0.00,-2,2,33.18,0.00,792947616,0,0.00,0,0,0.00,0.00
"Batman 4-Inch Rebirth Batman Action Figure with 3 Mystery Accessories, Mission 2",479377558,778988163429-OAG,07 TOYS,BOY ACTIVITY,TOY ACTION FIGURES,ACTION FIGURES,DC Comics,-39.90,-6.00,-33.90,0.00,-5,5,39.90,0.00,479377558,0,0.00,0,0,0.00,0.00
"Camco 40043 TastePURE RV/Marine Water Filter with Flexible Hose Protector | Protects Against Bacteria | Reduces Bad Taste, Odors, Chlorine and Sediment in Drinking Water",316685853,316685853,10 AUTOMOTIVE,AUTO SEASONAL RV TOWING,AUTO RV ACCESSORIES,RV INTERIOR,Camco,-44.16,-6.62,-37.54,0.00,-2,2,44.16,0.00,316685853,0,0.00,0,0,0.00,0.00
"Cooluli Infinity Black 15 Liter Compact Portable Cooler Warmer Mini Fridge for Bedroom, Office, Dorm, Car - Great for Skincare & Cosmetics (110-240V/12V)",680496745,680496745,74 HOME MANAGEMENT,HOME MANAGEMENT MISC,HOME MANAGEMENT MISC L3,HOME MANAGEMENT MISC L4,Cooluli,-45.00,-3.60,-41.40,0.00,-2,2,45.00,0.00,680496745,0,0.00,0,0,0.00,0.00
"nestle coffee-mate coffee creamer, sugar free french vanilla, liquid creamer singles, pack of 50",985287741,985287741,92 GROCERY,HOT BEVERAGE,COFFEE,COFFEE ADDITIVES,Coffeemate,-51.10,-4.06,-47.04,0.00,-7,7,51.10,0.00,985287741,0,0.00,0,0,0.00,0.00
"Folex Removes Carpet Spot, 32 oz",199849399,199849399,13 HOUSEHOLD CHEMICALS,LAUNDRY GROUP,LAUNDRY SPECIALTY CARE,PRE WASH,FOLEX,-57.95,-8.70,-49.25,0.00,-5,5,57.95,0.00,199849399,0,0.00,0,0,0.00,0.00
"The Honest Company - Club Box, Clean Conscious Diapers, Above It All + Pandas, Size 0 NB, 76 Count (Packaging May Vary), Above It All/Pandas Above It All / Pandas",806986561,806986561,79 BABY CONSUMABLES HARDLINES,DIAPERS AND WIPES,DIAPERING,DISPOSABLE DIAPERS,The Honest Company,-60.38,-9.06,-51.32,0.00,-2,2,60.38,0.00,806986561,0,0.00,0,0,0.00,0.00
"Chefman Panini Press Grill and Gourmet Sandwich Maker Non-Stick Coated Plates, Opens 180 Degrees to Fit Any Type or Size of Food, Stainless Steel Surface and Removable Drip Tray, 4 Slice",884347146,884347146,14 COOK AND DINE,HEATED APPLIANCES,HEATED COOKING,INDOOR GRILLS,Chefman,-61.46,-9.22,-52.24,0.00,-4,4,61.46,0.00,884347146,0,0.00,0,0,0.00,0.00
Rainbow High Salon Playset with Rainbow of DIY Washable Hair Color Foam for Kids and Dolls - Doll Not Included,387359164,035051567448-OAG,07 TOYS,GIRL FASHION,FASHION DOLLS,OTHER FASHION DOLLS,Rainbow High,-71.64,-10.74,-60.90,0.00,-3,3,71.64,0.00,387359164,0,0.00,0,0,0.00,0.00
"OLLY Collagen Supplement Gummy Rings, Reduce Fine Lines, Boost Skin, 30 Ct",993245820,993245820,40 PHARMACY OTC,WELLNESS,VITAMINS AND SUPPLEMENTS,BEAUTY SUPPLEMENTS,OLLY,-74.32,-11.16,-63.16,0.00,-4,4,74.32,0.00,993245820,0,0.00,0,0,0.00,0.00
"Hartz Home Protection Lavender Scent Odor-Eliminating Dog Pads, XL, 30 in x 21 in, 30ct",36266498,36266498,08 PETS AND SUPPLIES,PET HEALTH,PET TRAINING AND CLEANING,DOG AND CAT TRAINING AIDS AND WASTE DISPOSAL,Hartz,-81.84,-12.24,-69.60,0.00,-12,12,81.84,0.00,36266498,0,0.00,0,0,0.00,0.00
"Munchkin Sturdy Potty Seat with Built in Handles, Gray",123651585,123651585,79 BABY CONSUMABLES HARDLINES,SMALL GEAR,POTTY,POTTY SEAT,Munchkin,-82.35,-6.57,-75.78,0.00,-9,9,82.35,0.00,123651585,0,0.00,0,0,0.00,0.00
Jenga Classic Game,171913516,171913516,07 TOYS,GAMES AND ELECTRONICS,BOARD GAMES,PARTY GAMES,Hasbro,-117.84,-17.68,-100.16,0.00,-8,8,117.84,0.00,171913516,0,0.00,0,0,0.00,0.00
"Confer Plastics Resin Multi Purpose Spa and Hot Tub Handi-Step Steps, Espresso",41764358,009132910706-OAG,07 TOYS,SUMMER SEASONAL,POOLS,SPAS,Confer,-139.99,-21.00,-118.99,0.00,-1,1,139.99,0.00,41764358,0,0.00,0,0,0.00,0.00
HONEYDEW SNOW FOAM AUTO WASH (64OZ),333100283,333100283,10 AUTOMOTIVE,AUTO CAR CARE WIPERS AND MAINT,AUTO APPEARANCE,AUTO WAX AND COMPOUNDS,Chemical Guys,-142.45,-17.05,-125.40,0.00,-11,11,142.45,0.00,333100283,0,0.00,0,0,0.00,0.00
Body Armor Strawberry Banana Sports Drink 28 oz Plastic Bottles - Pack of 12,220649522,220649522,95 SNACKS AND BEVERAGES,HYDRATION BEV,ISOTONICS,MULTI PK ISOTONICS,BODYARMOR,-184.80,-27.70,-157.10,0.00,-10,10,184.80,0.00,220649522,0,0.00,0,0,0.00,0.00
