Product Name,Item ID,SKU ID,Super Department,Department,Category,Sub Category,Brand,GMV,Commission,GMV-Commission,AUR,Total Units Sold,Cancelled Units,Cancelled Sales,Item Conversion Rate,Base Item Id,Total Product Visits,GMV Comp %,Authorized Orders,Authorized Units,Authorized Sales,Total LY GMV
Space Jam: A New Legacy - Stretchy Goo Filled Action Figure - LeBron James,595522816,630996145944,07 TOYS,BOY ACTIVITY,TOY ACTION FIGURES,ACTION FIGURES,Space Jam,999.82,149.98,849.84,55.52,18,1,54.98,0.85,595522816,2107,0.00,16,19,1054.80,0.00
"Essentia Water; Ionized, Alkaline 1 Liter Bottles; Case of 36",499132432,499132432,95 SNACKS AND BEVERAGES,WATER,NON FLAVORED WATER,PREMIUM WATER,Essentia,664.08,99.61,564.47,27.67,24,0,0.00,31.17,499132432,77,0.00,17,24,664.08,0.00
"Luvs Ultra Leakguards Diapers, Size 6, 54 Diapers",149613090,037000859321,79 BABY CONSUMABLES HARDLINES,DIAPERS AND WIPES,DIAPERING,DISPOSABLE DIAPERS,Luvs,418.00,62.70,355.30,38.00,11,0,0.00,28.21,149613090,39,0.00,11,11,418.00,0.00
"vitaminwater energy electrolyte enhanced water w/ vitamins, tropical citrus drinks, 20 fl oz, 24 Pack",224230244,786162101068,95 SNACKS AND BEVERAGES,WATER,FLAVORED WATER,FW SPECIALTY ENHANCED,vitaminwater,336.52,50.48,286.04,48.07,7,0,0.00,29.17,224230244,24,0.00,5,7,336.52,0.00
Pampers Baby-Dry Diapers Size 6 96 Count,183426088,037000862369,79 BABY CONSUMABLES HARDLINES,DIAPERS AND WIPES,DIAPERING,DISPOSABLE DIAPERS,Pampers,262.43,39.34,223.09,37.49,5,3,37.49,35.71,183426088,14,0.00,8,8,299.92,0.00
"Dr. Brown's Options Narrow Polypropylene Baby Bottle, 8 Oz, 4 Ct",703854022,072239307717,79 BABY CONSUMABLES HARDLINES,FEEDING AND NURSING,INFANT FEEDING,BOTTLES,Dr. Brown's,253.00,37.95,215.05,23.00,11,1,23.00,18.64,703854022,59,0.00,12,12,276.00,0.00
"Nature's Bounty Fish Oil Softgels, 1200Mg, 180 Ct, 2 Pack",48006483,074312306976,40 PHARMACY OTC,WELLNESS,VITAMINS AND SUPPLEMENTS,HEART HEALTH SUPPLEMENTS,Nature's Bounty,239.72,35.96,203.76,16.57,14,3,41.97,7.61,48006483,184,0.00,14,17,281.69,0.00
That '70s Show: The Complete Series (DVD),46370893,683904111586,05 MEDIA AND GAMING,MOVIES L2,DVD MOVIES,DVD,Mill Creek Entertainment,221.52,33.22,188.30,36.92,6,0,0.00,4.11,46370893,146,0.00,6,6,221.52,0.00
"Brother Compact Monochrome Laser Printer, HL-L2350DW, Wireless Connectivity, Duplex Two-Sided Printing",326194227,326194227,72 ELECTRONICS,PRINTING,PRINTERS,HOME PRINTER,Brother,219.00,17.52,201.48,219.00,1,0,0.00,10.00,326194227,10,0.00,1,1,219.00,0.00
"St. Tropez Luxe Dry Oil Huile Bronzante, 3.38 Fl Oz",721430277,709102224108,40 PHARMACY OTC,WELLNESS,VITAMINS AND SUPPLEMENTS,HERBAL SUPPLEMENTS,St. Tropez,193.02,28.95,164.07,64.34,3,1,64.34,0.00,721430277,0,0.00,2,4,257.36,0.00
"SmartyPants Organic Kids Formula Gummy Multivitamin, 120 Ct",590755942,817053020790,40 PHARMACY OTC,WELLNESS,VITAMINS AND SUPPLEMENTS,MULTIVITAMINS,SmartyPants,191.09,28.66,162.43,21.23,9,0,0.00,100.00,590755942,9,0.00,7,9,191.09,0.00
Crayola C07808 8 Count Ultra-Clean Washable Markers with Broad Line,137143289,033170435877,03 STATIONERY,ACTIVITIES SUPPLIES,ACTIVITY,MARKERS,Crayola,185.95,27.91,158.04,6.99,26,3,16.77,27.96,137143289,93,0.00,25,29,202.72,0.00
Dr. Brown's MilkSPA Breast Milk and Bottle Warmer,886953288,072239321584,79 BABY CONSUMABLES HARDLINES,FEEDING AND NURSING,INFANT FEEDING,BOTTLE PREP AND ACCESSORIES,Dr. Brown's,185.76,27.88,157.88,46.44,4,0,0.00,22.22,886953288,18,0.00,4,4,185.76,0.00
"Revlon One-Step Hair Dryer And Volumizer Hot Air Brush, Mint",861646430,191770234297,46 BEAUTY,SPECIALTY HAIR,HAIR TOOLS,HAIR DRYERS,Revlon,182.00,27.30,154.70,26.00,7,1,26.00,0.00,861646430,0,0.00,4,8,208.00,0.00
"Fire 7 Kids Edition Tablet, 7"" Display, 16 GB, Pink Kid-Proof Case",684146975,841667143354,87 WIRELESS,WIRELESS ACCESSORIES L2,TABLET ACCESSORIES L3,UNIV TABLET ACCESSORIES,6Ave,172.00,25.80,146.20,86.00,2,1,86.00,4.88,684146975,41,0.00,3,3,258.00,0.00
"OLLY Kids Immunity Support Gummy, Wellmune + Elderberry, Cherry, 50 Ct",186496630,858158005466,40 PHARMACY OTC,WELLNESS,VITAMINS AND SUPPLEMENTS,IMMUNE HEALTH,OLLY,159.84,23.96,135.88,19.98,8,0,0.00,16.67,186496630,48,0.00,8,8,159.84,0.00
"Smartypants Baby Multivitamin with DHA &amp; Lutein, 30mL",611081786,817053022299,40 PHARMACY OTC,WELLNESS,VITAMINS AND SUPPLEMENTS,MULTIVITAMINS,SmartyPants,157.77,23.67,134.10,14.34,11,0,0.00,137.50,611081786,8,0.00,8,11,157.77,0.00
"Pirate's Booty Baked Puffs, Aged White Cheddar, 0.5 Oz, 24 Count",52900783,015665624058,95 SNACKS AND BEVERAGES,SALTY SNACKS,SALTY SNACKS L3,WHSE SALTY SNACKS,Pirate's Booty,150.00,22.50,127.50,15.00,10,0,0.00,17.86,52900783,56,0.00,10,10,150.00,0.00
"Diet Pepsi Caffeine-Free Soda, 16.9 Fl. Oz., 6 Count",669688788,669688788,95 SNACKS AND BEVERAGES,CSD,CSD SINGLES,SINGLE SERVE,Pepsi,145.05,21.75,123.30,29.01,5,0,0.00,8.06,669688788,62,0.00,3,5,145.05,0.00
Fresh Step Cat Clumping Litter,327602995,044600313764,08 PETS AND SUPPLIES,CAT LITTER L2,CAT LITTER,ALL CAT LITTER,Fresh Step,140.00,21.00,119.00,20.00,7,0,0.00,70.00,327602995,10,0.00,3,7,140.00,0.00
Camco Rhino Heavy Duty 15 Gallon Portable RV Waste Holding Tank (39000),929349740,014717390002,10 AUTOMOTIVE,AUTO SEASONAL RV TOWING,AUTO RV ACCESSORIES,RV CLEANING AND MAINTENANCE,Camco,130.00,15.60,114.40,55.82,1,5,204.93,0.77,929349740,130,0.00,6,6,334.93,0.00
Amazon Fire HD 8 Kids Pro Tablet,766780211,840080580005,87 WIRELESS,WIRELESS ACCESSORIES L2,MISC ACCESSORIES,MISC ACCESSORIES L4,Amazon,128.00,19.20,108.80,128.00,1,0,0.00,33.33,766780211,3,0.00,1,1,128.00,0.00
"(50 Packets) Propel Drink Mix with Electrolytes & Vitamins, Variety Pack, 0.08 oz",969914728,052000042351,95 SNACKS AND BEVERAGES,WATER,FLAVORED WATER,FW SPECIALTY ENHANCED,Propel,127.00,19.06,107.94,18.14,7,0,0.00,350.00,969914728,2,0.00,6,7,127.00,0.00
"Dixie Everyday Paper Plates for Lunch or Light Dinner, 8 1/2 Inch, 90 Count",712088789,712088789,04 HOUSEHOLD PAPER,TABLETOP GROUP,DISPOSABLE TABLETOP,PLATES AND BOWLS,Dixie,124.06,18.62,105.44,24.81,5,0,0.00,100.00,712088789,5,0.00,4,5,124.06,0.00
"Maruchan Maruchan  Soup, 24 ea",123559120,041789902116,80 SERVICE DELI,INDIVIDUAL MEALS,DELI SOUP,SOUPS,Maruchan,124.05,9.90,114.15,9.56,10,4,9.79,37.04,123559120,27,0.00,14,14,133.84,0.00
"Neosporin Original Antibiotic Ointment, 24-Hour Infection Prevention for Minor Wound, .5 Oz",161804539,312547237406,02 PERSONAL CARE,SEASONAL L2,TRIAL AND TRAVEL,OTC TRAVEL,Neosporin,116.90,9.21,107.69,3.50,33,4,12.72,23.91,161804539,138,0.00,31,37,129.62,0.00
"Filtrete Clean Living Basic Dust AC Furnace Air Filter, MPR 300, 10 x 20 x 1-Inches, 6-Pack",787086156,051141991986,11 HARDWARE AND TOOLS,AIR AND WATER,AIR FILTERS,ACCCESSORIES,Filtrete,115.98,17.40,98.58,23.20,5,0,0.00,55.56,787086156,9,0.00,4,5,115.98,0.00
Nature's Way - Alive! Calcium plus D3 Gummies - 60 Gummies,412985349,412985349,40 PHARMACY OTC,WELLNESS,VITAMINS AND SUPPLEMENTS,HERBAL SUPPLEMENTS,Nature's Way,112.00,16.80,95.20,14.00,8,0,0.00,160.00,412985349,5,0.00,5,8,112.00,0.00
Body Armor Strawberry Banana Sports Drink 28 oz Plastic Bottles - Pack of 12,220649522,858176002355,95 SNACKS AND BEVERAGES,HYDRATION BEV,ISOTONICS,MULTI PK ISOTONICS,BODYARMOR,108.00,16.20,91.80,18.00,6,0,0.00,40.00,220649522,15,0.00,2,6,108.00,0.00
"Kleenex Ultra Soft Facial Tissues, 8 Rectangular Boxes, 120 Tissues per Box (960 Tissues Total)",657610422,304361242063,04 HOUSEHOLD PAPER,HOUSEHOLD PAPER GROUP,FACIAL TISSUE,KLEENEX FACIAL TISSUE,Kleenex,103.25,15.50,87.75,20.65,5,0,0.00,250.00,657610422,2,0.00,3,5,103.25,0.00
"Essentia Bottled Water, 1 Liter, Pack of 12 Bottles; 99.9% Pure, Infused with Electrolytes for a Smooth Taste, pH 9.5 or Higher; Ionized Alkaline Water 1 Pack of 12",578730127,808232927375,95 SNACKS AND BEVERAGES,WATER,NON FLAVORED WATER,PREMIUM WATER,Essentia,102.53,15.37,87.16,25.63,4,0,0.00,33.33,578730127,12,0.00,2,4,102.53,0.00
"Nabisco Sweet Treats Cookie Variety Pack Oreo, Oreo Golden & Chips Ahoy!, 30 Snack Packs (2 Cookies Per Pack)",50259424,044000045425,95 SNACKS AND BEVERAGES,COOKIES AND CRACKERS,SNACKS TO GO,MULTIPACKS,Nabisco,100.73,11.70,89.03,11.19,9,0,0.00,10.59,50259424,85,0.00,8,9,100.73,0.00
Sun Joe SJH902E 21-in 4-Amp Multi-Angle Electric Telescoping Pole Hedge Trimmer,566495590,566495590,16 PATIO AND GARDEN,OUTDOOR POWER EQUIPMENT,TRIMMERS,HEDGE TRIMMERS,Sun Joe,99.10,14.87,84.23,99.10,1,0,0.00,100.00,566495590,1,0.00,1,1,99.10,0.00
"Bentgo Buddies Reusable Ice Packs - Slim Ice Packs for Lunch Boxes, Lunch Bags and Coolers - Multicolored 4 Pack (Dinosaur)",803755867,817387023184,14 COOK AND DINE,HYDRATION AND CHILDRENS,CHILDRENS TABLEWARE,CHILDRENS LUNCH,Bentgo,93.06,13.98,79.08,15.51,6,0,0.00,150.00,803755867,4,0.00,6,6,93.06,0.00
"Dreambone Twist Sticks, Rawhide-Free Chews For Dogs, With Real Chicken, 50-Count",970017267,785614605246,08 PETS AND SUPPLIES,PET HEALTH,DOG CHEWS,ALTERNATIVE,DreamBone,90.69,13.64,77.05,9.07,10,0,0.00,33.33,970017267,30,0.00,9,10,90.69,0.00
"Hair Clippers for Men,YOGINGO Cordless Rechargeable Hair Trimmer Metal Body Cutting Grooming Kit Beard Shaver Barbershop Professional (Golden)",667353651,667353651,02 PERSONAL CARE,SHAVE AND GROOMING,ELECTRIC SHAVE,MENS ELECTRIC SHAVE,Yogingo,88.62,13.29,75.33,44.31,2,0,0.00,100.00,667353651,2,0.00,2,2,88.62,0.00
"TP-Link Smart Plug, No Hub Required, Wi-Fi, Control your Devices from Anywhere, Works with Alexa and Google Assistant (HS100)",132165227,797728955803,72 ELECTRONICS,NETWORKING AND CONNECTIVITY,SMART HOME,SMART POWER SWITCHES AND SENSORS,TP-Link,86.92,13.04,73.88,21.73,4,3,65.19,66.67,132165227,6,0.00,4,7,152.11,0.00
"iTouchless SoftStep 13.2 Gallon Stainless Steel Step Trash Can, 50 Liter, Pedal Kitchen Trash Can",953890106,814839020500,74 HOME MANAGEMENT,WASTE HAMPERS AND HANGERS,WASTE,STAINLESS STEEL WASTE,iTouchless,85.87,12.88,72.99,27.23,1,20,486.05,1.64,953890106,61,0.00,17,21,571.92,0.00
"NOW Supplements, Liquid Chlorophyll, Super Concentrated, Internal Deodorizer*, Mint Flavor, 16-Ounce 16.0 Ounce NEW",193033247,811222748294,40 PHARMACY OTC,WELLNESS,VITAMINS AND SUPPLEMENTS,MENS HEALTH SUPPLEMENTS,NOW Foods,82.10,12.31,69.79,15.92,5,2,29.36,0.00,193033247,0,0.00,5,7,111.46,0.00
"THERMOS FUNTAINER 12 Ounce Stainless Steel Vacuum Insulated Kids Straw Bottle, Avengers",703752455,041205749714,14 COOK AND DINE,HYDRATION AND CHILDRENS,BEVERAGE,BEVERAGE COLD,Thermos,81.60,12.24,69.36,27.20,3,1,27.20,18.75,703752455,16,0.00,4,4,108.80,0.00
Cuisinart WAF-200 4-Slice Belgian Waffle Maker - Silver,600544014,737899634084,14 COOK AND DINE,HEATED APPLIANCES,TOAST AND BREAD,WAFFLERS,Cuisinart,81.00,12.15,68.85,27.00,3,2,54.00,30.00,600544014,10,0.00,5,5,135.00,0.00
"Shapiro MD Patented Hair Kit for Thicker, Fuller, Healthier Hair - Including Shampoo, Conditioner, and Leave-In Daily Foam (30 Day Supply)",977216983,736900020526,46 BEAUTY,GM HAIRCARE,MENS SCALP REGROWTH,SCALP MEDICATED HAIR PRODUCTS,Shapiro MD,78.00,11.70,66.30,39.00,2,0,0.00,66.67,977216983,3,0.00,2,2,78.00,0.00
"Lysol Disinfectant Spray, Crisp Linen, 12.5oz, Tested and Proven to Kill COVID-19 Virus, Packaging May Vary",11027236,019200741866,13 HOUSEHOLD CHEMICALS,HOUSEHOLD CLEANING GROUP,ALL PURPOSE CLEANERS,SPRAY DISINFECTANT,Lysol,75.78,11.38,64.40,7.58,10,0,0.00,20.00,11027236,50,0.00,8,10,75.78,0.00
"Pepperidge Farm Goldfish Crackers Big Smiles Variety Pack Box, 30-count Snack Packs",142074538,142074538,95 SNACKS AND BEVERAGES,COOKIES AND CRACKERS,SNACKS TO GO,MULTIPACKS,Goldfish,74.96,6.00,68.96,9.37,8,1,9.37,72.73,142074538,11,0.00,9,9,84.33,0.00
Thoro Super Thoroseal Masonry Waterproofer,21798165,080492050103,12 DO IT YOURSELF,PAINT,EXTERIOR PROTECTANTS L3,SEALANTS EXTERIOR,PrimeSource,73.84,11.08,62.76,73.84,1,0,0.00,50.00,21798165,2,0.00,1,1,73.84,0.00
"BLACK+DECKER dusbuster Handheld Vacuum, Cordless, Magic Blue (HHVI320JR02)",514496518,659103883333,74 HOME MANAGEMENT,VACUUMS AND FLOORCARE,FLOORCARE,UPRIGHT VACUUM,BLACK+DECKER,72.00,10.80,61.20,36.00,2,0,0.00,25.00,514496518,8,0.00,2,2,72.00,0.00
"V8 Original Low Sodium 100% Vegetable Juice, 11.5 FL Oz. Can (Pack of 24)",258800164,611982060090,22 BEDDING,ADULT BEDDING,BED SHEETS,ECOMM BRANDS BED SHEETS,V8,72.00,10.80,61.20,36.00,2,0,0.00,200.00,258800164,1,0.00,1,2,72.00,0.00
"TOPS The Legal Pad Writing Pads, 5"" x 8"", Jr. Legal Rule, Canary Paper, 50 Sheets, 12 Pack (7501)",165344431,640206510097,03 STATIONERY,NOTETAKING BINDERS,NOTETAKING,NOTEBOOKS,Tops,70.00,10.50,59.50,14.00,5,0,0.00,166.67,165344431,3,0.00,1,5,70.00,0.00
Marvin Gaye - What's Going on - CD,2069740,044006402222,05 MEDIA AND GAMING,MUSIC L2,MUSIC MEDIA,CD MUSIC,Marvin Gaye,69.61,10.44,59.17,8.70,8,0,0.00,36.36,2069740,22,0.00,8,8,69.61,0.00
"Gatorade Thirst Quencher Powder, Fruit Punch, 76.5 oz Canister",317763804,052000044997,95 SNACKS AND BEVERAGES,HYDRATION BEV,ISOTONICS,POWDER,Gatorade,67.70,10.16,57.54,16.93,4,0,0.00,400.00,317763804,1,0.00,2,4,67.70,0.00
Coleman RoadTrip 285 Portable Stand-Up Propane Grill,321385160,840095865234,09 SPORTING GOODS,CAMPING ACCESSORIES,CAMPSITE,CAMPING FOOD PREP,Coleman,66.00,9.90,56.10,22.00,3,0,0.00,75.00,321385160,4,0.00,3,3,66.00,0.00
"Ziploc Brand Mini Rectangle Containers, Smart Snap Technology, 4 ct",133064126,133064126,74 HOME MANAGEMENT,FOOD STORAGE AND PRESERVATION,FOOD STORAGE,GENERAL FOOD STORAGE,Ziploc,65.73,9.86,55.87,5.98,11,0,0.00,21.15,133064126,52,0.00,8,11,65.73,0.00
"CeraVe Hydrating Facial Cleanser for Normal to Dry Skin, 16 Fl. Oz.",124489781,301871370163,46 BEAUTY,SKINCARE,FACECARE,FACIAL CLEANSERS,CeraVe,65.26,9.79,55.47,12.92,5,2,25.20,10.87,124489781,46,0.00,5,7,90.46,0.00
"Vitafusion Women's Gummy Vitamins, 150ct",192478053,885604736841,40 PHARMACY OTC,WELLNESS,VITAMINS AND SUPPLEMENTS,MULTIVITAMINS,Church & Dwight,65.08,6.40,58.68,8.40,7,6,44.10,31.82,192478053,22,0.00,10,13,109.18,0.00
"Pyrex Simply Store Meal Prep Glass Food Storage Containers (24-Piece Set, BPA Free Lids, Oven Safe)",293522353,293522353,74 HOME MANAGEMENT,HOME MANAGEMENT MISC,HOME MANAGEMENT MISC L3,HOME MANAGEMENT MISC L4,Pyrex,64.00,9.60,54.40,64.00,1,0,0.00,0.00,293522353,0,0.00,1,1,64.00,0.00
"Command Picture Hanging Strips Heavy Duty, Large, Black, Holds 16 Lbs, 4-Pairs (17206BLK-ES)",667003617,300715209072,11 HARDWARE AND TOOLS,LIGHTING AND FASTENERS,FASTENERS,DAMAGE FREE PICTURE HANGING,Command,62.49,9.38,53.11,6.94,9,0,0.00,34.62,667003617,26,0.00,8,9,62.49,0.00
Puzzle Presto! Peel & Stick Puzzle Saver: The Original and Still the Best Way to Preserve Your Finished Puzzle!,368838998,734548474350,07 TOYS,GAMES AND ELECTRONICS,PUZZLES,ADULT PUZZLES,Buffalo Games,61.21,9.18,52.03,15.30,4,0,0.00,30.77,368838998,13,0.00,3,4,61.21,0.00
"AROMA Professional 8-Cup(cooked) Digital Digital Rice Cooker, Multi Cooker & Food Steamer  (ARC-954SBD)",410708575,021241169547,14 COOK AND DINE,HEATED APPLIANCES,HEATED COOKING,RICE COOKERS,Aroma,61.00,9.15,51.85,61.00,1,0,0.00,11.11,410708575,9,0.00,1,1,61.00,0.00
"TERESAS COLLECTIONS 6.7 Inch Garden Statues Turtle Figurines, Solar Powered Garden Lights for Outdoor Patio Yard Decorations",758294661,758294661,16 PATIO AND GARDEN,PATIO DECOR,OUTDOOR DECOR,LAWN DECOR,Teresa's Collections,59.60,8.94,50.66,29.80,2,0,0.00,0.00,758294661,0,0.00,2,2,59.60,0.00
"Glad for Pets Black Charcoal Puppy Pads, Potty Training Pads that absorb & Neutralize Urine Instantly, New & Improved Quality, 100 count",171621124,171621124,08 PETS AND SUPPLIES,PET HEALTH,PET TRAINING AND CLEANING,DOG AND CAT TRAINING AIDS AND WASTE DISPOSAL,Glad,59.38,8.91,50.47,59.38,1,0,0.00,50.00,171621124,2,0.00,1,1,59.38,0.00
Vercico Giant Pool Float Black Swan Inflatable Pool Party Toy Swimming Lounge Float Raft with Multiple Independent Inflating Chambers,595322750,631105614092-OAG,79 BABY CONSUMABLES HARDLINES,SMALL GEAR,BABY BATH,BABY BATH AND SWIM TOYS,Vercico,58.58,8.79,49.79,58.58,1,0,0.00,0.00,595322750,0,0.00,1,1,58.58,0.00
"48 Pack Acoustic Foam Panel Wedge Studio Soundproofing Wall Tiles 12"" X 12"" X 1""",463975181,662225382264,72 ELECTRONICS,AUDIO,HOME THEATER L3,PRO AUDIO ACCESSORIES,XIN&LOG,57.15,6.86,50.29,57.15,1,0,0.00,100.00,463975181,1,0.00,1,1,57.15,0.00
"SureFire SF12-BB 123A CR123 3-Volt Lithium Batteries - 10 Pack, High-performance batteries, optimized for high-drain use in flashlights By Visit the SureFire Store",845223424,845223424,82 IMPULSE MERCHANDISE,BATTERIES,D82 BATTERIES,GENERAL PURPOSE BATTERIES,PB,56.02,8.40,47.62,28.00,2,1,27.99,100.00,845223424,2,0.00,2,3,84.01,0.00
Tombstone (DVD),1194002,717951000064,05 MEDIA AND GAMING,MOVIES L2,DVD MOVIES,DVD,Disney,55.50,8.32,47.18,7.93,7,0,0.00,14.29,1194002,49,0.00,7,7,55.50,0.00
"Liquid I.V. Hydration Multiplier, Electrolyte Powder, Easy Open Packets, Supplement Drink Mix (Passion Fruit) (8)",203240044,851741008158,87 WIRELESS,WIRELESS ACCESSORIES L2,MISC ACCESSORIES,MISC ACCESSORIES L4,Liquid I.V,55.09,8.26,46.83,27.55,2,0,0.00,22.22,203240044,9,0.00,2,2,55.09,0.00
Pampers Baby Wipes Sensitive Perfume Free 6X Pop-Top Packs 336 Count,781681633,781681633,79 BABY CONSUMABLES HARDLINES,DIAPERS AND WIPES,WIPES,BABY WIPES,Pampers,54.74,4.41,50.33,7.82,7,3,23.46,31.82,781681633,22,0.00,9,10,78.20,0.00
"Paper Mate White Pearl Erasers, Large, 3 Count (70624)",404151234,077348237993,03 STATIONERY,WRITING OFFICE BOARDS,WRITING,ERASERS,Paper Mate,54.00,8.10,45.90,3.00,18,0,0.00,36.73,404151234,49,0.00,18,18,54.00,0.00
"Vital Proteins Unflavored Collagen Peptides, 20 oz with Bovine Hide Collagen Peptides",319853931,767644768702,40 PHARMACY OTC,WELLNESS,VITAMINS AND SUPPLEMENTS,BEAUTY SUPPLEMENTS,Vital Proteins,52.18,7.83,44.35,52.18,1,0,0.00,0.00,319853931,0,0.00,1,1,52.18,0.00
Culturelle Kids Regularity Probiotic & Fiber | Helps Restore Regularity & Keeps Kids' Digestive Systems Running Smoothly* | 24 Single Packets,704389936,704389936,40 PHARMACY OTC,HEALTH CARE,PROBIOTICS,ADULT PROBIOTICS,Culturelle Store,50.68,7.60,43.08,25.34,2,0,0.00,40.00,704389936,5,0.00,2,2,50.68,0.00
Elmer's Glue Sticks 0.21 oz Applies and Dries Clear 8/Pack E5003E5004,156540121,026000050043,03 STATIONERY,ACTIVITIES SUPPLIES,ACTIVITY,GLUE,Elmer's,50.19,7.54,42.65,5.58,9,0,0.00,64.29,156540121,14,0.00,9,9,50.19,0.00
"Cumbor 51.6-Inch Baby Gate Extra Wide, Easy Walk Thru Dog Gate for The House, Auto Close Baby Gates for Stairs, Doorways, Includes 2.75"", 5.5"" and 11"" Extension Kit, Mounting Kit",231720784,787894561885,79 BABY CONSUMABLES HARDLINES,NURSERY SOFT GOODS AND SAFETY,BABY SAFETY,BABY GATES,Cumbor,50.00,7.50,42.50,25.00,2,0,0.00,50.00,231720784,4,0.00,2,2,50.00,0.00
"Welch's Mixed Fruit Snacks Value Pack, 0.9 Oz., 40 Count",53479012,034856150404,95 SNACKS AND BEVERAGES,LUNCHBOX SNACKS,FRUIT SNACKS,FORMS,Welch's,50.00,4.00,46.00,10.00,5,1,10.00,3.68,53479012,136,0.00,5,6,60.00,0.00
HTH 80783 13.3 oz Granule Shock - Pack of 18,586490140,073187520173,16 PATIO AND GARDEN,POOL AND SALT,POOL AND SPA CHEMICALS,POOL CHEMICALS,hth,50.00,7.50,42.50,10.00,5,0,0.00,166.67,586490140,3,0.00,3,5,50.00,0.00
"NOW Foods Supplements, Quercetin with Bromelain, Balanced Immune System, 120 Veg Capsules",856745412,885710032851,40 PHARMACY OTC,WELLNESS,VITAMINS AND SUPPLEMENTS,IMMUNE HEALTH,NOW,49.92,7.48,42.44,24.96,2,0,0.00,200.00,856745412,1,0.00,1,2,49.92,0.00
"Doonmi- 4 Pack Classic Glass Baking Dish with Red Lid?1 Quart,1.6 Quart, 2.2 Quart and 3 Quart?, Freezer-to-Oven Safe Baking Dishes, BPA-Free Lids, Perfect for Cooking, Cake Dinner, Food Sto",887853004,887853004,14 COOK AND DINE,COOKWARE AND BAKEWARE,BAKEWARE,GLASS BAKEWARE,Doonmi,49.55,7.43,42.12,49.55,1,0,0.00,0.00,887853004,0,0.00,1,1,49.55,0.00
"Crayola Colored Pencils, 12 Count",181657713,013243077944,03 STATIONERY,ACTIVITIES SUPPLIES,ACTIVITY,COLORED PENCILS,Crayola,49.30,7.40,41.90,4.93,10,1,4.93,8.55,181657713,117,0.00,9,11,54.23,0.00
"Perrier Carbonated Mineral Water, 16.9 fl oz. Plastic Bottles (24 Count) 405.6 fl oz.",25524658,25524658,95 SNACKS AND BEVERAGES,WATER,NON FLAVORED WATER,PREMIUM WATER,Perrier,48.68,7.30,41.38,24.34,2,0,0.00,28.57,25524658,7,0.00,1,2,48.68,0.00
"Colgate Optic White Advanced Teeth Whitening Toothpaste, Sparkling White, 3.2 Oz, 3 Ct",752022136,035000972309,02 PERSONAL CARE,ORAL CARE,TOOTHPASTE,ADULT TOOTHPASTE,Colgate,48.56,4.93,43.63,9.33,5,2,16.78,5.15,752022136,97,0.00,7,7,65.34,0.00
SkyGenius 10 x 50 Powerful Binocular for Bird Watching Stargazing Outdoor Sightseeing (New),670736173,713543645316,09 SPORTING GOODS,KNIVES ARCHERY AND OPTICS,SPORTS OPTICS,BINOCULARS,Sky Genius,48.39,7.26,41.13,48.39,1,0,0.00,5.26,670736173,19,0.00,1,1,48.39,0.00
"Blue Diamond Almonds, Smokehouse, 25 Oz",51002837,041570130193,95 SNACKS AND BEVERAGES,PROTEIN SNACKS,SNACK NUTS,ALMONDS SN,Blue Diamond,47.91,7.20,40.71,15.97,3,0,0.00,30.00,51002837,10,0.00,1,3,47.91,0.00
"Lysol Laundry Sanitizer, Crisp Linen, Tested and Proven to Kill COVID-19 Virus, 90 Ounce",198281212,019200958721,13 HOUSEHOLD CHEMICALS,LAUNDRY GROUP,SANITIZATION,LAUNDRY SANITIZER,Lysol,47.88,7.17,40.71,15.96,3,2,31.92,0.96,198281212,314,0.00,3,5,79.80,0.00
"O-Cedar EasyWring Microfiber Spin Mop &amp; Bucket Floor Cleaning System + 2 Extra Refills, Red/Gray Spin Mop &amp; Bucket with 2 Extra Refills",947783170,041785999479,13 HOUSEHOLD CHEMICALS,HOUSEHOLD CLEANING GROUP,MOPS AND BROOMS,MOPS,O-Cedar,46.97,7.05,39.92,46.97,1,0,0.00,16.67,947783170,6,0.00,1,1,46.97,0.00
Bravely Default II - Nintendo Switch - Standard Edition,252881217,252881217,05 MEDIA AND GAMING,SOFTWARE,VIDEO GAME SOFTWARE,NSW SOFTWARE,Nintendo,46.57,6.99,39.58,46.57,1,0,0.00,50.00,252881217,2,0.00,1,1,46.57,0.00
"Body Rider Body Flex Sports Elliptical Exercise Machine, at-Home Exercise Equipment",496283529,705526147191,09 SPORTING GOODS,FITNESS,LARGE EXERCISE,ELLIPTICALS,Body Rider,45.00,6.75,38.25,45.00,1,0,0.00,50.00,496283529,2,0.00,1,1,45.00,0.00
"3 pack KISS Strip Eyelash Adhesive, Clear 0.176 Oz KPLGL01",655584152,372426535054,46 BEAUTY,BEAUTY ACCESSORIES,COSMETICS ACCESSORIES,FALSE LASH AND BROW ACCESSORIES,KISS,45.00,3.60,41.40,3.00,14,2,3.00,53.85,655584152,26,0.00,15,16,48.00,0.00
Atkins Endulge Nutty Fudge Brownie Bars 5-pack,14122795,637480075428,01 CANDY AND TOBACCO,BASIC CANDY,CHOCOLATE,CHOCOLATE BARS INDIVIDUAL,Atkins,44.60,3.58,41.02,4.88,9,5,23.65,11.54,14122795,78,0.00,10,14,68.25,0.00
"Lazery Sleep Air Mattress Airbed with Built-in Electric 7 Settings Remote LED Pump - Twin 74"" x 39"" x 19""",913573126,715444933561,09 SPORTING GOODS,CAMPING COOLERS AND AIRBEDS,AIRBEDS AND PUMPS,AIRBEDS WITH PUMPS,Lazery Sleep,44.00,6.60,37.40,43.85,1,3,131.39,2.04,913573126,49,0.00,4,4,175.39,0.00
Infantino Sensory Press and Stay Sensory Blocks,636788929,077349778655,07 TOYS,BOY ACTIVITY,TOY CONSTRUCTION,CONSTRUCTION OTHER,Infantino,43.88,6.59,37.29,21.94,2,0,0.00,28.57,636788929,7,0.00,2,2,43.88,0.00
"Apple Barrel Acrylic Paint in Assorted Colors (16 Ounce), 21119 White",845267006,300678919483,19 ARTS CRAFTS SEWING AND FABRICS,ART AND ADULT CRAFTS,GENERAL CRAFTS,CRAFT PAINTS,Plaid,43.63,6.55,37.08,10.91,4,0,0.00,66.67,845267006,6,0.00,4,4,43.63,0.00
"NATURE MADE Flaxseed Oil, 1400 mg, Softgels, 100.0 CT",914908844,914908844,40 PHARMACY OTC,WELLNESS,VITAMINS AND SUPPLEMENTS,HERBAL SUPPLEMENTS,Nature Made,43.44,6.52,36.92,10.86,4,0,0.00,17.39,914908844,23,0.00,4,4,43.44,0.00
"OCuSOFT Lid Scrub Plus, Pre-Moistened Pads, 30 Count",157104015,157104015,40 PHARMACY OTC,HEALTH CARE,EYECARE,EYE CARE,OCuSOFT,42.31,3.18,39.13,21.16,2,0,0.00,0.00,157104015,0,0.00,2,2,42.31,0.00
"NYX Professional Makeup Micro, Vegan Eyebrow Pencil, Ash Brown, 0.003 oz",119862951,800897836870,46 BEAUTY,COSMETICS,COSMETICS EYE,COSMETIC BROW,NYX Professional Makeup,42.00,3.35,38.65,8.40,5,0,0.00,25.00,119862951,20,0.00,4,5,42.00,0.00
"Sharpie S-Gel Gel Pens, Medium Point (0.7mm), Black Ink Gel Pen, 4 Count",220749388,071641172210,03 STATIONERY,WRITING OFFICE BOARDS,WRITING,INK PENS,Sharpie,41.87,6.28,35.59,2.63,7,9,0.18,1.64,220749388,427,0.00,9,16,42.05,0.00
"5D DIY 18 PCS Diamond Painting Kits for Kids and Adult Beginners, Stick Paint with Diamonds by Numbers Easy to DIY ,Cute Anim",170242408,170242408,19 ARTS CRAFTS SEWING AND FABRICS,KIDS CRAFTS AND JEWELRY MAKING,KIDS CRAFTS,KIDS CRAFT KITS,Sinceroduct,41.64,4.84,36.80,8.33,5,0,0.00,83.33,170242408,6,0.00,5,5,41.64,0.00
Space Jam: A New Legacy - Stretchy Goo Filled Action Figure - Bugs Bunny,626813125,630996145951,07 TOYS,BOY ACTIVITY,TOY ACTION FIGURES,ACTION FIGURES,Space Jam,41.34,6.21,35.13,17.07,3,20,351.36,0.35,626813125,850,0.00,23,23,392.70,0.00
"Under Armour Hustle Backpack, One Size Fits All",272615167,194512964186,31 ACCESSORIES,BAGS AND BACKPACKS ECOMM,BACKPACKS ECOMM,BACKPACKS EC CHILDRENS,Under Armour,41.25,6.19,35.06,41.25,1,0,0.00,20.00,272615167,5,0.00,1,1,41.25,0.00
Angels in the Outfield (DVD),1957227,786936169713,05 MEDIA AND GAMING,MOVIES L2,DVD MOVIES,DVD,Disney,41.24,6.18,35.06,8.25,5,0,0.00,35.71,1957227,14,0.00,5,5,41.24,0.00
Good Cook 11.5 In Turkey Baster,852797296,852797296,14 COOK AND DINE,GADGETS AND CUTLERY,GADGETS,SPECIALTY TOOLS,Good Cook,40.81,6.14,34.67,4.53,9,0,0.00,47.37,852797296,19,0.00,9,9,40.81,0.00
"Expo Low-Odor Dry Erase Markers, Fine Point, 4-Pack, Assorted Colors",130555976,799198272930,03 STATIONERY,WRITING OFFICE BOARDS,WRITING,DRY ERASE MARKERS,ACME,40.00,6.00,34.00,5.00,8,0,0.00,100.00,130555976,8,0.00,4,8,40.00,0.00
"Stihl Chainsaw Chain- 26RS68- 18 Inch, 68 Drive Links, .325 Pitch, .063 Gauge",118441182,118441182,16 PATIO AND GARDEN,OUTDOOR POWER EQUIPMENT,ACCESSORIES AND PARTS,CHAINSAW ACCESSORIES,STIHL,38.03,5.70,32.33,38.03,1,0,0.00,33.33,118441182,3,0.00,1,1,38.03,0.00
"Camco RhinoFLEX 10-foot RV Sewer Hose Extension Kit with Swivel Fitting, Frustration Free-Packaging (39774)",210683746,014717397742,10 AUTOMOTIVE,AUTO SEASONAL RV TOWING,AUTO RV ACCESSORIES,RV CLEANING AND MAINTENANCE,Camco,38.00,4.56,33.44,38.00,1,0,0.00,50.00,210683746,2,0.00,1,1,38.00,0.00
TERRO Fruit Fly Trap - 2 Traps,55542124,070923119158,16 PATIO AND GARDEN,LAWN AND GARDEN CHEMICALS,PESTICIDES,ALL OTHER INSECTS,TERRO,37.90,5.70,32.20,7.58,5,0,0.00,7.58,55542124,66,0.00,4,5,37.90,0.00
"Doritos 3D Crunch 2 Flavor Variety Pack, 0.625 oz Bags, 36 Count",744747921,028400585613,95 SNACKS AND BEVERAGES,SALTY SNACKS,VARIETY PACKS L3,VARIETY PACKS,Doritos,37.50,5.62,31.88,18.75,2,0,0.00,11.76,744747921,17,0.00,2,2,37.50,0.00
"Nature's Bounty Biotin Supplement, Supports Healthy Hair, Skin, and Nails, 10000mcg, 120 Softgels",325109803,767674006003,40 PHARMACY OTC,WELLNESS,VITAMINS AND SUPPLEMENTS,BEAUTY SUPPLEMENTS,Nature's Bounty,37.11,5.57,31.54,12.37,3,0,0.00,300.00,325109803,1,0.00,1,3,37.11,0.00
"Pyrex Easy Grab 2 Quart Casserole Dish with Glass Lid, 2 Piece",17300735,17300735,14 COOK AND DINE,COOKWARE AND BAKEWARE,BAKEWARE,GLASS BAKEWARE,Pyrex,37.10,5.57,31.53,18.55,2,0,0.00,15.38,17300735,13,0.00,2,2,37.10,0.00
"EPAuto 12V DC Portable Air Compressor Pump, Digital Tire Inflator by 100 PSI",391320621,707129800176,10 AUTOMOTIVE,AUTO CAR CARE WIPERS AND MAINT,AUTO TIRE MAINTENANCE,AUTO TIRE INFLATORS,EP Auto,37.00,5.55,31.45,37.00,1,0,0.00,100.00,391320621,1,0.00,1,1,37.00,0.00
"Core Hydration Nutrient Enhanced Water, 30.4 Ounce(Pack of 12)",537900029,537900029,95 SNACKS AND BEVERAGES,WATER,NON FLAVORED WATER,MULTI PK WATER,CORE Nutrition,36.90,5.54,31.36,18.45,2,3,55.35,50.00,537900029,4,0.00,3,5,92.25,0.00
"Syngenta 383920 Advion Cockroach Gel Bait 4 X 30 Gram Tubes Roach Control, Brown",953453097,701801587515,16 PATIO AND GARDEN,LAWN AND GARDEN CHEMICALS,PESTICIDES,ALL OTHER INSECTS,Syngenta,36.82,5.52,31.30,36.82,1,0,0.00,25.00,953453097,4,0.00,1,1,36.82,0.00
Fox Run Aluminum Butter Slice Cutter - Stainless Steel Wires - 4.75 Inches,246955871,246955871,11 HARDWARE AND TOOLS,TOOLS,HAND TOOLS,CUTTING TOOLS,Fox Run,36.48,4.38,32.10,9.12,4,0,0.00,200.00,246955871,2,0.00,3,4,36.48,0.00
Utz Cheddar Cheese Balls 35 oz Barrel,286041123,286041123,95 SNACKS AND BEVERAGES,SALTY SNACKS,SALTY SNACKS L3,CHEESE PUFFS,Utz,35.88,5.38,30.50,17.94,2,0,0.00,200.00,286041123,1,0.00,2,2,35.88,0.00
"BOSTITCH Office 3 Hole Punch, 12 Sheet Capacity, Silver",563983771,563983771,03 STATIONERY,OFFICE SUPPLIES ONLINE B2B,OFFICE SUPPLIES,OFFICE ESSENTIALS,BOSTITCH,35.60,5.32,30.28,7.12,5,0,0.00,13.89,563983771,36,0.00,5,5,35.60,0.00
"XITER Car Armrest Cover Saver, 1 Pc Center Console Leather Pad Fit for Ford Explorer 2020 2021, Central Console Armrest Box Protector Interior Accessories (Carbon fiber)",462921973,462921973,UNASSIGNED L1,UNASSIGNED L2,ITEM SPEC L3 UNASSIGNED,ITEM SPEC OTHER,XITER,35.53,5.33,30.20,35.53,1,0,0.00,100.00,462921973,1,0.00,1,1,35.53,0.00
"Ritz (RIUM9) Creamy cheese and peanut butter, Variety Pack, 32 Snack Packs",833822310,300716378012,95 SNACKS AND BEVERAGES,COOKIES AND CRACKERS,CRACKERS,CHEESE,Ritz (RIUM9),35.06,5.26,29.80,17.53,2,0,0.00,25.00,833822310,8,0.00,2,2,35.06,0.00
PIRATES OF THE CARIBBEAN 1-5 [Blu-ray Box Set] Complete All 5-Movie Collection,195107043,602318651860,05 MEDIA AND GAMING,MOVIES L2,BLURAY DVD,BLURAY,Buena Vista Home Entertainment,35.00,5.25,29.75,35.00,1,0,0.00,14.29,195107043,7,0.00,1,1,35.00,0.00
Olivia Rodrigo - SOUR - CD,513505264,602438077441,05 MEDIA AND GAMING,MUSIC L2,MUSIC MEDIA,CD MUSIC,Geffen Records,35.00,5.26,29.74,17.50,2,0,0.00,13.33,513505264,15,0.00,2,2,35.00,0.00
"OXO Good Grips Triple Kitchen Timer, Black",118999874,118999874,14 COOK AND DINE,GADGETS AND CUTLERY,GADGETS,SPECIALTY TOOLS,OXO,35.00,5.25,29.75,35.00,1,0,0.00,100.00,118999874,1,0.00,1,1,35.00,0.00
"100% Compostable Clamshell Take Out Food Containers [6x6"" 50-Pack] Heavy-Duty Quality to go Containers, Natural Disposable Bagasse, Eco-Friendly Biodegradable Made of Sugar Cane Fibers",797557890,797557890,12 DO IT YOURSELF,FLOORING AND INDUSTRIAL,INDUSTRIAL AND COMMERCIAL ECOMM,COMMERCIAL PAPER AND PLASTIC ECOMM,Stack Man,34.90,4.19,30.71,17.45,2,0,0.00,200.00,797557890,1,0.00,2,2,34.90,0.00
"Optimum Nutrition Micronized Creatine Monohydrate Powder, Unflavored, Keto Friendly, 30 Servings (Packaging May Vary)",150328457,885175132424,40 PHARMACY OTC,WELLNESS,PERFORMANCE NUTRITION,PRE AND POST WORKOUTS,Optimum Nutrition,34.13,5.12,29.01,34.13,1,0,0.00,16.67,150328457,6,0.00,1,1,34.13,0.00
"Hammermill A4 Size, (210mm x 297mm), Copy Paper, 1 Ream, 500 Sheets, Made in USA, Sustainably Sourced From American Family Tree Farms, Acid Free, 92 Bright, 105500R,White",240338340,240338340,03 STATIONERY,ACTIVITIES SUPPLIES,COPY PAPER,REAM PAPER,Hammermill,34.08,5.10,28.98,11.36,3,0,0.00,300.00,240338340,1,0.00,1,3,34.08,0.00
"Ultima Replenisher Electrolyte Hydration Powder, Variety Pack, 20 Count Stickpacks - Sugar Free, 0 Calories, 0 Carbs - Gluten-Free, Keto, Non-GMO with Magnesium, Potassium, Calcium",589942793,697003831122,40 PHARMACY OTC,WELLNESS,PERFORMANCE NUTRITION,HYDRATION,"Ultima Health Products, Inc.",34.00,5.10,28.90,11.77,1,5,36.60,12.50,589942793,8,0.00,2,6,70.60,0.00
Nylabone Puppy Teething & Soothing Flexible Chew Toy Pink Bone Chicken X-Small/Petite (1 Count),41547232,41547232,08 PETS AND SUPPLIES,SMALL PET DURABLES,DOG AND CAT ACCESSORIES,DOG TOYS,Nylabone,33.00,4.95,28.05,3.00,11,7,21.00,50.00,41547232,22,0.00,17,18,54.00,0.00
"EZBASICS Single Serve Coffee Maker, K Cup Coffee Machine, Instant Coffee Maker, Mini Coffee Brewer, Black, Single Cup Coffee Maker with Visual Water Reservoir",310659714,611801453782,14 COOK AND DINE,SMALL APPLIANCES AND MICROWAVES,COFFEE D14,TRADITIONAL COFFEE MAKERS,ezbasics,33.00,4.95,28.05,33.00,1,0,0.00,0.00,310659714,0,0.00,1,1,33.00,0.00
Wrangler Mens Premium  Authentics  Twill Cargo Short,470539795,051071775151,34 WOMENS APPAREL,MISC APPAREL L2 WOMENS,MISC APPAREL L3 WOMENS,MISC APPAREL L4 WOMENS,Wrangler,32.88,4.93,27.95,32.88,1,0,0.00,100.00,470539795,1,0.00,1,1,32.88,0.00
Zoyomax 4000 Pcs Clay Beads 6mm 20 Colors Flat Round Polymer Clay Spacer Beads with Pendant Charms Kit and 4 Roll Elastic Strings for DIY Jewelry Making Bracelets Necklace,450121266,799355408844,19 ARTS CRAFTS SEWING AND FABRICS,KIDS CRAFTS AND JEWELRY MAKING,JEWELRY MAKING AND STORAGE,JEWELRY MAKING,Zoyomax,32.79,4.92,27.87,32.79,1,0,0.00,50.00,450121266,2,0.00,1,1,32.79,0.00
"ZeeHoo Wireless Car Charger,10W Qi Fast Charging Auto-Clamping Car Mount,Windshield Dash Air Vent Phone Holder Compatible iPhone 11/11 Pro/11 Pro Max/Xs MAX/XS/XR/X/8/8+,Samsung S10/S10+/S9/S9+/S8/S8+",444120806,744405810924,87 WIRELESS,WIRELESS ACCESSORIES L2,MISC ACCESSORIES,MISC ACCESSORIES L4,ZeeHoo,32.70,4.91,27.79,32.70,1,0,0.00,0.00,444120806,0,0.00,1,1,32.70,0.00
"Biokleen Free & Clear Dish Liquid - 1 Gallon - Soap, Dishwashing, Eco-Friendly, Non-Toxic, Plant-Based, No Artificial Fragrance, Colors or Preservatives, Free & Clear, Unscented",864524277,864524277,13 HOUSEHOLD CHEMICALS,DISH GROUP,DISH CLEANING PRODUCTS,DISH LIQUIDS,Biokleen,32.69,4.90,27.79,32.69,1,0,0.00,100.00,864524277,1,0.00,1,1,32.69,0.00
"OXO Tot Bottle Drying Rack, Gray",509572206,509572206,79 BABY CONSUMABLES HARDLINES,FEEDING AND NURSING,INFANT FEEDING,BOTTLE PREP AND ACCESSORIES,V.I.P.,32.60,4.89,27.71,32.60,1,0,0.00,100.00,509572206,1,0.00,1,1,32.60,0.00
"Adjustable Cell Phone Stand, OMOTON Aluminum Desktop Cellphone Stand with Anti-Slip Base and Convenient Charging Port, Fits All Smart Phones, Black",493879316,734010045637,87 WIRELESS,WIRELESS ACCESSORIES L2,TABLET ACCESSORIES L3,UNIV TABLET ACCESSORIES,Omoton,32.04,4.81,27.23,16.02,2,0,0.00,200.00,493879316,1,0.00,2,2,32.04,0.00
"Fresh Step, Fresh Scent Cat Litter Box Scent Crystals, 15 oz",792206607,742797784137,08 PETS AND SUPPLIES,CAT LITTER L2,CAT LITTER ACCESSORIES AND BOXES,CAT LITTER ACCESSORIES,Fresh Step,32.00,4.80,27.20,8.00,4,0,0.00,3.60,792206607,111,0.00,4,4,32.00,0.00
Field of Dreams (DVD + Digital Copy),19585574,025192130830,05 MEDIA AND GAMING,MOVIES L2,DVD MOVIES,DVD,Universal Studios,31.96,4.80,27.16,15.98,2,0,0.00,28.57,19585574,7,0.00,2,2,31.96,0.00
"HORIECHALY Transportation Stickers for Kids 12 Sheets with Cars, Airplane, Train, Motorbike, Ambulance, Police Car, Fire Trucks, School Bus, Spaceship, Rocket and More!",288308741,288308741,10 AUTOMOTIVE,UNIVERSAL AUTO ACC,AUTO ACCESSORIES,AUTO EXTERIOR ACCESSORIES,Horiechaly,30.84,3.72,27.12,7.71,4,0,0.00,400.00,288308741,1,0.00,3,4,30.84,0.00
"Persil ProClean Power-Liquid Laundry Detergent, Intense Fresh, 40 Fluid Ounces, 25 Loads",950912049,764442265303,13 HOUSEHOLD CHEMICALS,LAUNDRY GROUP,LAUNDRY DETERGENT,LIQUID LAUNDRY DETERGENT,Persil,30.68,4.60,26.08,7.67,4,0,0.00,133.33,950912049,3,0.00,3,4,30.68,0.00
Trim Shine 12 oz Aerosol Can,22236832,22236832,10 AUTOMOTIVE,AUTO CAR CARE WIPERS AND MAINT,AUTO APPEARANCE,AUTO WAX AND COMPOUNDS,Invisible Glass,30.36,3.64,26.72,15.18,2,0,0.00,0.00,22236832,0,0.00,1,2,30.36,0.00
"Chefman Die-Cast Electric Deli & Food Slicer, Cuts Meat, Cheese, Bread, Fruit & Vegetables, Adjustable Slice Thickness, Stainless Steel Blade, Safe Non-Slip Feet, For Home Use, Easy To Clean, Black",287806372,810031582525,14 COOK AND DINE,GADGETS AND CUTLERY,GADGETS,SPECIALTY TOOLS,Chefman,30.00,4.50,25.50,15.00,2,5,75.00,9.09,287806372,22,0.00,7,7,105.00,0.00
Acqua Panna Natural Spring Water 16.9 Oz. 12117620,650790935,041508302197,95 SNACKS AND BEVERAGES,WATER,NON FLAVORED WATER,PREMIUM WATER,Acqua Panna,29.10,4.37,24.73,29.10,-1,2,0.00,-16.67,650790935,6,0.00,2,1,29.10,0.00
"BIC BodyMark Temporary Tattoo Marker, Assorted Colors, 8-Count, For Special Occasions, Festivals, and More",389327010,070330362086,03 STATIONERY,WRITING OFFICE BOARDS,WRITING,PERMANENT MARKERS,BIC,29.00,4.35,24.65,9.52,1,11,85.29,1.79,389327010,56,0.00,11,12,114.29,0.00
"Enfagrow NeuroPro Next Step Toddler Ready to Feed Non-GMO Milk Drink - Natural Milk Flavor, 8 fl oz (24 count) - Omega 3 DHA, MFGM, Prebiotics, Iron, Vitamins (Packaging May Vary)",743460704,856362005043,40 PHARMACY OTC,WELLNESS,ADULT NUTRITION,NUTRITIONAL DRINKS,Enfamil Value Brands,29.00,4.35,24.65,29.00,1,2,58.00,6.67,743460704,15,0.00,2,3,87.00,0.00
"nestle coffee-mate coffee creamer, sugar free french vanilla, liquid creamer singles, pack of 50",985287741,885867462273,92 GROCERY,HOT BEVERAGE,COFFEE,COFFEE ADDITIVES,Coffeemate,29.00,3.05,25.95,9.67,3,0,0.00,25.00,985287741,12,0.00,3,3,29.00,0.00
PU Leather Passport and Vaccine Card Holder Passport Holder With Vaccine Card Black,582437929,753068183771,74 HOME MANAGEMENT,GARMENT CARE AND LUGGAGE,LUGGAGE,LUGGAGE ACCESSORIES,Liv Supply,28.63,4.29,24.34,9.54,3,0,0.00,42.86,582437929,7,0.00,2,3,28.63,0.00
"Garden of Life Vitamin Code Raw Zinc, 30mg Whole Food Zinc Supplement + Vitamin C, Trace Minerals & Probiotics for Immune Support, Certified Vegan Non-GMO & Gluten Free Zinc Supple",876866697,890340900395,40 PHARMACY OTC,HEALTH CARE,PROBIOTICS,ADULT PROBIOTICS,Garden of Life,28.50,4.28,24.22,14.25,2,0,0.00,40.00,876866697,5,0.00,2,2,28.50,0.00
"NOW Supplements L-Tyrosine 500 mg Supports Mental Alertness Neurotransmitter Support , 120 Capsules",696417629,885721287080,22 BEDDING,BEDDING MISC L2,BEDDING MISC L3,BEDDING MISC L4,NOW,28.05,4.21,23.84,28.05,1,0,0.00,100.00,696417629,1,0.00,1,1,28.05,0.00
National Tree Company 'Feel Real' Pre-lit Artificial Christmas Tree | Includes Pre-strung White Lights and Stand | Downswept Douglas - 7.5 ft,774106526,841710106947,18 SEASONAL,CHRISTMAS TRIM A TREE,CHRISTMAS TREES,PRELIT CHRISTMAS TREES,National Tree Company,28.00,4.20,23.80,16.59,-2,5,21.78,-33.33,774106526,6,0.00,6,3,49.78,0.00
"Epson T502 EcoTank Black Auto-Stop Ink Bottle (ET-2700, ET-2750, ET-3700, ET-3750, ET-4750) (T502120-S)",156296383,156296383,72 ELECTRONICS,PRINTING,PRINTERS,PRINT MISC,Epson,27.94,2.24,25.70,27.94,1,0,0.00,50.00,156296383,2,0.00,1,1,27.94,0.00
"Bai Flavored Water, Brasilia Blueberry, Antioxidant Infused Drinks, 18 Fluid Ounce Bottle, 6 count",54666635,852311004747,95 SNACKS AND BEVERAGES,WATER,FLAVORED WATER,FW SPECIALTY ENHANCED,Bai,27.90,4.18,23.72,13.95,2,0,0.00,200.00,54666635,1,0.00,1,2,27.90,0.00
"Bluey: The Complete First Season, First Half (DVD)",427393679,883929736034,05 MEDIA AND GAMING,MOVIES L2,DVD MOVIES,DVD,BBC,27.78,4.17,23.61,27.78,1,0,0.00,33.33,427393679,3,0.00,1,1,27.78,0.00
"Ortho Home Defense Max Indoor Insect Barrier with Extended Reach Comfort Wand, 1 Gal.",346549988,071549460082,16 PATIO AND GARDEN,LAWN AND GARDEN CHEMICALS,PESTICIDES,ALL OTHER INSECTS,Ortho,27.76,4.16,23.60,8.67,2,12,93.68,0.25,346549988,786,0.00,11,14,121.44,0.00
Dude Wipes 9063823 Disposable Wet Wipes - Case of 4 - Pack of 3 - 48 Count,510535378,858993006079,04 HOUSEHOLD PAPER,HOUSEHOLD PAPER GROUP,BATH TISSUE,MOIST BATH TISSUE,DUDE Products,27.76,4.16,23.60,13.88,2,0,0.00,66.67,510535378,3,0.00,1,2,27.76,0.00
"ChapStick 100 Percent Natural Lip Butter, Green Tea Mint Flavored, 0.15 Oz, 12 Pack",55096856,55096856,82 IMPULSE MERCHANDISE,CHECKOUT,CHECKOUT L3,CHECKOUT LIP CARE,ChapStick,27.69,2.21,25.48,6.92,4,0,0.00,50.00,55096856,8,0.00,4,4,27.69,0.00
"HIC Mortar and Pestle Spice Herb Grinder Pill Crusher Set, Fine-Quality Porcelain, 2.75-Inch x 1.5-Inch",151118183,151118183,14 COOK AND DINE,GADGETS AND CUTLERY,GADGETS,SPECIALTY TOOLS,Harold Import Co.,27.68,4.15,23.53,13.84,2,0,0.00,100.00,151118183,2,0.00,2,2,27.68,0.00
"Ziploc Brand Divided Rectangle Containers, Smart Snap Technology, 2 ct",55223625,55223625,74 HOME MANAGEMENT,FOOD STORAGE AND PRESERVATION,FOOD STORAGE,GENERAL FOOD STORAGE,Ziploc,27.59,4.15,23.44,3.45,8,0,0.00,20.51,55223625,39,0.00,6,8,27.59,0.00
"Premium Mason Jar Bathroom Accessories Set (6PCS) - Lotion Soap Dispenser,Toothbrush Holder,2 Apothecary Jars(Qtip Holder), Soap Dish,Storage Organizer Basket - Rustic Farmhouse Decor (Bronze)",625633665,625633665,20 BATH AND SHOWER,20 BATH,BATH ACCESSORIES,BATH ORGANIZATION,SheeChung,26.50,3.98,22.52,26.50,1,0,0.00,4.76,625633665,21,0.00,1,1,26.50,0.00
"Gatorade Thirst Quencher Powder, Orange, 76.5oz Canister",404713633,404713633,95 SNACKS AND BEVERAGES,HYDRATION BEV,ISOTONICS,POWDER,Gatorade,26.40,3.96,22.44,13.20,2,0,0.00,0.00,404713633,0,0.00,2,2,26.40,0.00
"Dr. Elsey's Precious Cat Ultra Cat Litter, 18 pound bag",591062714,764527057557,72 ELECTRONICS,ELECTRONICS MISC L2,ELECTRONICS MISC L3,ELECTRONICS MISC L4,Dr. Elsey's,25.59,3.84,21.75,8.53,3,0,0.00,0.00,591062714,0,0.00,1,3,25.59,0.00
"Vita Coco Coconut Water, Pure, 11.1 fl oz Tetra (Pack of 12)",17800753,898999000046,95 SNACKS AND BEVERAGES,SHELF STABLE JUICE,FUNCTIONAL,FUNCTIONAL DRINKS,Vita Coco,25.12,3.77,21.35,25.12,1,0,0.00,16.67,17800753,6,0.00,1,1,25.12,0.00
"Nature's Bounty Vitamin C Immune Support Tablets, 500 Mg, 250 Ct",46120381,074312014741,40 PHARMACY OTC,WELLNESS,VITAMINS AND SUPPLEMENTS,LETTER VITAMINS,Nature's Bounty,24.72,3.03,21.69,12.36,2,0,0.00,66.67,46120381,3,0.00,2,2,24.72,0.00
"Canon PG-240 XL Black Ink Catridge Compatible to MG2120, MG3120, MG4120, MX512, MX432, MX372, MX522, MX452, MG3520, MG3620, MX472, MX532, TS5120",863145014,610074390619,72 ELECTRONICS,PRINTING,INK,BLACK INK,Canon,24.46,1.96,22.50,24.46,1,0,0.00,25.00,863145014,4,0.00,1,1,24.46,0.00
"Bunch O Balloons - 350 Rapid-Fill Water Balloons (10 Pack) Exclusive, Multi-Colored",778187704,193052029911,07 TOYS,SUMMER SEASONAL,SPRING TOYS,WATER BALLOONS,Bunch O Balloons,23.28,3.49,19.79,23.28,1,0,0.00,100.00,778187704,1,0.00,1,1,23.28,0.00
"Diaclara Clear Designed for iPhone 11 Case, Full Body Rugged Case with Built-in Touch Sensitive Anti-Scratch Screen Protector, Soft TPU Bumper Case Cover for iPhone 11 6.1"" (Black and Clear)",342584109,751565284397,87 WIRELESS,WIRELESS ACCESSORIES L2,CASES,SCREEN PROTECTORS,Diaclara,23.28,3.49,19.79,23.28,1,0,0.00,100.00,342584109,1,0.00,1,1,23.28,0.00
"Sharpie Tank Highlighters, Chisel Tip, Assorted Color Highlighters, Value Pack, 36 Count",595648906,595648906,03 STATIONERY,WRITING OFFICE BOARDS,WRITING,HIGHLIGHTERS,Sharpie,23.28,3.49,19.79,23.28,1,0,0.00,0.00,595648906,0,0.00,1,1,23.28,0.00
ALMAY A/P CLEAR GEL UNSCENTED 2.25 OZ,889448569,889448569,02 PERSONAL CARE,BODY CARE,DEODORANT,FEMALE DEODORANT,Almay,23.22,1.86,21.36,3.73,6,5,17.83,24.00,889448569,25,0.00,6,11,41.05,0.00
Staedtler Double-hole Tub Pencil Sharpener 652427,34761603,34761603,03 STATIONERY,WRITING OFFICE BOARDS,WRITING,SHARPENERS,STAEDTLER,23.02,3.45,19.57,5.76,4,0,0.00,30.77,34761603,13,0.00,4,4,23.02,0.00
Logitech S150 USB Speakers with Digital Sound,720864292,720864292,72 ELECTRONICS,COMPUTER ACCESSORIES,DESKTOP ACCESSORIES,COMPUTER SPEAKERS,Logitech,22.20,1.78,20.42,22.20,1,0,0.00,0.00,720864292,0,0.00,1,1,22.20,0.00
"apollo walker Picnic Backpack Bag for 2 Person with Cooler Compartment, Detachable Bottle/Wine Holder, Fleece Blanket, Plates and Cutlery (Blue)",913932700,812227030940,14 COOK AND DINE,HARD TABLETOP,DINNERWARE,SERVEWARE,Apollo Walker,22.00,3.30,18.70,22.00,1,0,0.00,0.00,913932700,0,0.00,1,1,22.00,0.00
Luxton Home Japanese Shiki Futon Foldable Mattress for Sleep & Travel - Full Long,269062279,706189988183,UNASSIGNED L1,UNASSIGNED L2,UNASSIGNED L3,UNASSIGNED L4,Luxton Home,22.00,3.30,18.70,22.00,1,0,0.00,0.00,269062279,0,0.00,1,1,22.00,0.00
"Cooluli Infinity Black 15 Liter Compact Portable Cooler Warmer Mini Fridge for Bedroom, Office, Dorm, Car - Great for Skincare & Cosmetics (110-240V/12V)",680496745,810031364190,74 HOME MANAGEMENT,HOME MANAGEMENT MISC,HOME MANAGEMENT MISC L3,HOME MANAGEMENT MISC L4,Cooluli,22.00,1.76,20.24,22.00,1,1,22.00,16.67,680496745,6,0.00,2,2,44.00,0.00
"Clorox ToiletWand Disinfecting Refills, Disposable Wand Heads - 6 ct",14878257,044600148823,13 HOUSEHOLD CHEMICALS,HOUSEHOLD CLEANING GROUP,BATH TOILET DRAIN,CONVENIENCE TOILET BOWL CLEANERS,Clorox,21.96,1.65,20.31,10.98,2,0,0.00,50.00,14878257,4,0.00,2,2,21.96,0.00
"Brawny Flex Paper Towels, 8 Triple Rolls = 24 Regular Rolls, Tear-A-Square, 3 Sheet Size Options, Quarter Size Sheets, 8 Count",176691078,759840815311,04 HOUSEHOLD PAPER,HOUSEHOLD PAPER GROUP,PAPER TOWELS,OTHER PAPER TOWELS,raru,21.78,3.27,18.51,21.78,1,0,0.00,100.00,176691078,1,0.00,1,1,21.78,0.00
"Sharpie Permanent Markers, Ultra Fine Point, Black, 12 Count",793825394,793825394,03 STATIONERY,WRITING OFFICE BOARDS,WRITING,PERMANENT MARKERS,Sharpie,21.78,3.27,18.51,10.89,2,0,0.00,0.00,793825394,0,0.00,1,2,21.78,0.00
"(12 Cans) MTN DEW GAME FUEL, Charged Tropical Strike, 16 fl oz",607776479,607776479,95 SNACKS AND BEVERAGES,ENERGY MANAGEMENT,ENERGY DRINKS,ENERGY SINGLES,Mountain Dew,21.75,3.26,18.49,21.75,1,0,0.00,50.00,607776479,2,0.00,1,1,21.75,0.00
"Secure Waterproof Denture Adhesive - Zinc Free - Extra Strong Hold For Upper, Lower or Partials - 1.4 oz (Pack of 2)",367383499,772195581984,02 PERSONAL CARE,ORAL CARE,DENTURE,ADHESIVES,Secure,21.71,3.26,18.45,21.71,1,0,0.00,33.33,367383499,3,0.00,1,1,21.71,0.00
Neosporin Oint 1Oz (Sold per PIECE),175283334,637390907024,40 PHARMACY OTC,HEALTH CARE,FIRST AID,MINOR WOUND,J&J,21.34,3.20,18.14,10.67,2,0,0.00,200.00,175283334,1,0.00,2,2,21.34,0.00
"Scotts Turf Builder Weed & Feed 3, 14.54 lbs., up to 5,000 sq. ft.",41523061,032247250061,16 PATIO AND GARDEN,LAWN AND GARDEN CHEMICALS,FERTILIZERS,LAWN FERTILIZERS,Scotts,21.03,3.15,17.88,21.03,1,0,0.00,1.41,41523061,71,0.00,1,1,21.03,0.00
"Kotex U Barely There Liners, Light Absorbency, Regular, Fragrance-Free, 100 Count",721707668,680642216092,02 PERSONAL CARE,FEMININE PRODUCTS AND INCONTINENCE,FEMININE NEEDS,LINERS,Kotex,20.97,1.68,19.29,6.99,3,0,0.00,50.00,721707668,6,0.00,2,3,20.97,0.00
"Tortilla Bowl Molds, 4Pcs Nonstick Tortilla Pan Set Thicken Carbon Steel Taco Salad Bowl Makers Baking Molds for Kitchen - Black",890122352,890122352,UNASSIGNED L1,UNASSIGNED L2,ITEM SPEC L3 UNASSIGNED,ITEM SPEC OTHER,Buery,20.94,3.14,17.80,20.94,1,0,0.00,0.00,890122352,0,0.00,1,1,20.94,0.00
"IZZE Sparkling Juice, 4 Flavor Variety Pack, 8.4 oz Cans (24 Count)",352430452,352430452,95 SNACKS AND BEVERAGES,SHELF STABLE JUICE,MULTI PACK JUICE KIDS,BOTTLE,IZZE,20.61,3.09,17.52,20.61,1,0,0.00,100.00,352430452,1,0.00,1,1,20.61,0.00
"Miracle-Gro Houseplant Potting Mix, 4 qt., Fertilizer and Soil",531968496,032247257459,56 HORTICULTURE,LANDSCAPING,POTTING SOILS,ALL PURPOSE SOILS,Miracle-Gro,20.32,2.05,18.27,6.77,3,0,0.00,27.27,531968496,11,0.00,3,3,20.32,0.00
"Ethical Pet Plastic Dog and Cat Food Can Covers, 3 Count",25176296,25176296,08 PETS AND SUPPLIES,SMALL PET DURABLES,DOG AND CAT FEEDING AND WATERING,DOG  AND CAT FEEDING AND WATERING,Ethical Pet,20.26,3.04,17.22,2.03,10,0,0.00,27.03,25176296,37,0.00,9,10,20.26,0.00
"Crayola Color Wonder Blues Clues Mess Free Coloring Set, 18 Pages, Child Ages 3+",804579641,071662127145,03 STATIONERY,ACTIVITIES SUPPLIES,ACTIVITY,ACTIVITY KITS,Crayola,20.18,3.03,17.15,6.73,3,0,0.00,42.86,804579641,7,0.00,3,3,20.18,0.00
Bostitch Personal Electric Pencil Sharpener,106446967,106446967,03 STATIONERY,WRITING OFFICE BOARDS,WRITING,SHARPENERS,Stanley Bostitch,20.17,3.03,17.14,20.17,1,0,0.00,100.00,106446967,1,0.00,1,1,20.17,0.00
Weed Warrior Push-N-Load 3-Blade Nylon Replacement Trimmer Blades - 12 Count,16594856,16594856,16 PATIO AND GARDEN,OUTDOOR POWER EQUIPMENT,ACCESSORIES AND PARTS,TRIMMER ACCESSORIES,Shakespeare,20.16,3.02,17.14,10.08,2,0,0.00,25.00,16594856,8,0.00,1,2,20.16,0.00
"Mason Jar Bathroom Accessories Set(6PCS) - Foaming Soap Dispenser,Toothbrush Holder,Qtip Holder,Apothecary Jars, Soap Dish,Metal Wire Storage Organizer - Rustic Farmhouse Decor Bathroom (Bronze)",941800363,604213534828,20 BATH AND SHOWER,20 BATH,BATH ACCESSORIES,BATHROOM ACCESSORIES,SheeChung,20.00,3.00,17.00,20.00,1,0,0.00,50.00,941800363,2,0.00,1,1,20.00,0.00
"Zarbee's Naturals Children's Sleep with Melatonin, Natural Berry, 50 Gummies",149325400,858438005438,40 PHARMACY OTC,WELLNESS,VITAMINS AND SUPPLEMENTS,SLEEP AND MOOD,Zarbee's,20.00,3.00,17.00,20.00,1,0,0.00,0.00,149325400,0,0.00,1,1,20.00,0.00
"Elmer's Jumbo Disappearing Purple School Glue Stick, 1.4 Ounces",588682108,300715988441,03 STATIONERY,ACTIVITIES SUPPLIES,ACTIVITY,GLUE,Elmer's,20.00,3.00,17.00,5.00,4,0,0.00,200.00,588682108,2,0.00,1,4,20.00,0.00
Smead Poly Project Organizer 1/3-Cut Tab Gray Letter (89206),239695385,239695385,03 STATIONERY,FILING ORG SECURITY,FILING,FILE FOLDERS AND ACCESSORIES,Smead,20.00,3.00,17.00,20.00,1,0,0.00,4.76,239695385,21,0.00,1,1,20.00,0.00
"Hola! Music Universal Guitar Stand, Fits Acoustic, Classical, Electric, Bass Guitars, Mandolins, Banjos, Ukuleles and Other Stringed Instruments, Black",535891520,643345921748,05 MEDIA AND GAMING,MUSIC L2,MUSIC HARDWARE,ALL OTHER MUSIC HARDWARE,Hola! Music,19.99,2.40,17.59,19.99,1,0,0.00,100.00,241614647,1,0.00,1,1,19.99,0.00
"KES Bathroom Toilet Paper Holder Brushed Brass Wall Mount Toilet Roll Holder SUS304 Stainless Steel, A2175S12-BZ 1",156931938,192818001000,20 BATH AND SHOWER,20 BATH,BATH ACCESSORIES,TOILET ACCESSORIES,KES,19.41,2.91,16.50,19.41,1,0,0.00,100.00,156931938,1,0.00,1,1,19.41,0.00
"Neutrogena Hydro Boost Winter Gift Set With Hyaluronic Acid Gel Cream Moisturizer, 1.0 Count",168449770,070501193549,46 BEAUTY,SKINCARE,FACECARE,FACIAL MOISTURIZERS,Neutrogena,19.40,2.91,16.49,19.40,1,0,0.00,100.00,168449770,1,0.00,1,1,19.40,0.00
"Ziploc Brand Freezer Gallon Bags with Grip 'n Seal Technology, 27 Count",12166308,12166308,04 HOUSEHOLD PAPER,TABLETOP GROUP,FOILS BAGS AND WRAPS,FOOD STORAGE BAGS,Ziploc,19.24,2.89,16.35,6.41,3,0,0.00,150.00,12166308,2,0.00,3,3,19.24,0.00
"Leather Desk Pad Protector,Mouse Pad,Office Desk Mat, Non-Slip PU Leather Desk Blotter,Laptop Desk Pad,Waterproof Desk Writing Pad for Office and Home (Black,31.5"" x 15.7"")",462982455,462982455,03 STATIONERY,FILING ORG SECURITY,ORGANIZATION,DESK AND OFFICE ORGANIZATION,Aothia,19.15,0.00,19.15,19.15,1,0,0.00,16.67,462982455,6,0.00,1,1,19.15,0.00
"DC Comics Single Use Face Mask - Small, Ages 2-7, 2 Assorted designs (14 pack)",124130062,886144244919,18 SEASONAL,HALLOWEEN L2,HALLOWEEN MISC L3,HALLOWEEN MISC L4,DC Comics,19.00,2.85,16.15,19.00,1,0,0.00,9.09,124130062,11,0.00,1,1,19.00,0.00
"all Liquid Laundry Detergent, 58 Loads, Free Clear for Sensitive Skin, 88 fl oz",710208343,072613739455,13 HOUSEHOLD CHEMICALS,LAUNDRY GROUP,LAUNDRY DETERGENT,LIQUID LAUNDRY DETERGENT,all,18.93,2.84,16.09,9.47,2,0,0.00,5.71,710208343,35,0.00,2,2,18.93,0.00
Crayola 10 Ct Classic Broad Line Markers(Discontinued by manufacturer),156151640,638084590980,03 STATIONERY,ACTIVITIES SUPPLIES,ACTIVITY,MARKERS,Crayola,18.74,2.81,15.93,9.37,2,0,0.00,18.18,156151640,11,0.00,2,2,18.74,0.00
OXO Good Grips Extendable Tub and Tile Scrubber,839649837,839649837,13 HOUSEHOLD CHEMICALS,DISH GROUP,CLEANING TOOLS,SPONGES,OXO,18.69,2.80,15.89,18.69,1,0,0.00,50.00,839649837,2,0.00,1,1,18.69,0.00
"Granite Ware 0615-4 Covered Casserole, 5-Quart, Black",702449347,702449347,14 COOK AND DINE,COOKWARE AND BAKEWARE,BAKEWARE,GLASS BAKEWARE,Granite-Ware,18.62,2.79,15.83,18.62,1,0,0.00,100.00,702449347,1,0.00,1,1,18.62,0.00
Pampers Baby Wipes Expressions Botanical Rain 1X Pop-Top 56 Count,148156742,037000579939,79 BABY CONSUMABLES HARDLINES,DIAPERS AND WIPES,WIPES,BABY WIPES,Pampers,18.30,1.45,16.85,3.66,5,0,0.00,0.00,148156742,0,0.00,1,5,18.30,0.00
"Sharpie S-Gel, Gel Pens, Medium Point (0.7mm), Assorted Colors, 12 Count",423429146,300715369660,03 STATIONERY,WRITING OFFICE BOARDS,WRITING,INK PENS,Sharpie,18.19,2.73,15.46,18.19,1,0,0.00,0.00,423429146,0,0.00,1,1,18.19,0.00
"Bubba Kids Flo BPA-free Water Bottle with Silicone Sleeve Wide Mouth, 16 Oz, Aqua",105058844,840276151163,14 COOK AND DINE,HYDRATION AND CHILDRENS,CHILDRENS TABLEWARE,CHILDRENS HYDRATION,Bubba,18.09,2.70,15.39,6.03,3,10,60.30,3.26,105058844,92,0.00,10,13,78.39,0.00
"Earth Mama Angel Baby Non GMO Natural Nipple Butter Nursing Cream, Lanolin Free, 2 Ounce",123937179,001910516049,79 BABY CONSUMABLES HARDLINES,FEEDING AND NURSING,NURSING,BREAST FEEDING PUMP ACCESSORIES,Earth Mama,18.00,2.70,15.30,18.00,1,0,0.00,0.00,123937179,0,0.00,1,1,18.00,0.00
"Controller for Nintendo Switch/Switch Lite Turbo & Screenshot Function, Wireless Pro Controller Switch Dual Vibration for Nintendo Switch Controller [ Upgrade Version]",871537384,769560820137,72 ELECTRONICS,COMPUTING,COMPUTING MISC,COMPUTER MISC,Kydlan,18.00,2.70,15.30,9.00,2,4,36.00,15.38,871537384,13,0.00,3,6,54.00,0.00
The Four Agreements: A Practical Guide to Personal Freedom (A Toltec Wisdom Book),715226974,078433147814,21 BOOKS AND MAGAZINES,BOOKS AND MAGAZINES MISC L2,BOOKS AND MAGAZINES MISC L3,BOOKS AND MAGAZINES MISC L4,Amber-Allen Publishing,18.00,2.70,15.30,9.00,2,0,0.00,50.00,715226974,4,0.00,2,2,18.00,0.00
"Wild Republic Wild Smiles Childs Face Mask, Reusable Face Mask, Washable Face Mask, Half Face Mask, Dinosaur Design",163374854,092389258011,31 ACCESSORIES,ACCESSORIES ECOMM,FACE COVERINGS ECOMM,FACEMASKS EC CHILDRENS,Wild Republic,18.00,2.70,15.30,9.00,2,0,0.00,100.00,163374854,2,0.00,2,2,18.00,0.00
"Touchless Thermometer for Adults, Forehead Thermometer and Object Thermometer 2 in 1 Dual-Mode Thermometer with Fast Accurate Results",593044668,792332952309,40 PHARMACY OTC,HEALTH CARE,BP DIAGNOSTIC AIDS,THERMOMETERS,Goodbaby,17.77,2.67,15.10,17.77,1,0,0.00,50.00,593044668,2,0.00,1,1,17.77,0.00
"Sensodyne Pronamel Gentle Whitening Enamel Toothpaste for Sensitive Teeth, Alpine Breeze - 4 Ounces (Pack of 3)",952841868,782854049311,02 PERSONAL CARE,ORAL CARE,TOOTHPASTE,ADULT TOOTHPASTE,GlaxoSmithKline,17.70,2.66,15.04,17.70,1,0,0.00,50.00,952841868,2,0.00,1,1,17.70,0.00
"30 Pack Garden Hose Washers Rubber Washers Seals, Fit All Standard 3/4"" Garden Shower Hose and Water Faucet Fittings",545515859,545515859,16 PATIO AND GARDEN,GARDEN TOOLS AND WATERING,WATERING,HOSE END ACCESSORIES,SmoTecQ,17.65,2.64,15.01,5.88,3,0,0.00,0.00,545515859,0,0.00,3,3,17.65,0.00
"Lush Decor, Gray and White Night Sky Shower Curtain | Sequin Fabric Shimmery Color Block Design for Bathroom, x 72",289533890,617201769744,20 BATH AND SHOWER,20 SHOWER,BATH AND SHOWER SETS,BATH AND SHOWER SETS MISC,Lush Decor,17.00,2.55,14.45,17.00,1,0,0.00,100.00,289533890,1,0.00,1,1,17.00,0.00
CeraVe Eye Repair Cream | 0.5 oz | Eye Cream for Dark Circles & Puffiness | Fragrance Free,453981286,885310363003,46 BEAUTY,SKINCARE,FACECARE,FACIAL TREATMENTS,CeraVe,16.80,1.34,15.46,8.40,2,0,0.00,50.00,453981286,4,0.00,2,2,16.80,0.00
"PAL&SAM Fly Swatter, Strong Flexible Manual Swat Set Pest Control, Assorted Colors (3 Pack) (3 Colors)",778557323,602430626777,16 PATIO AND GARDEN,LAWN AND GARDEN CHEMICALS,CITRO AND REPELLENTS,BUG ZAPPERS,PAL&SAM,16.74,2.52,14.22,8.37,2,0,0.00,66.67,778557323,3,0.00,2,2,16.74,0.00
"Nature Made Melatonin 5 mg Tablets, 90 Count",181152155,181152155,40 PHARMACY OTC,WELLNESS,VITAMINS AND SUPPLEMENTS,SLEEP AND MOOD,Nature Made,16.48,1.32,15.16,8.24,2,0,0.00,50.00,181152155,4,0.00,2,2,16.48,0.00
"Paper Mate Pink Pearl Premium Erasers, Large, 3-Count",162821072,031112268552,03 STATIONERY,WRITING OFFICE BOARDS,WRITING,ERASERS,Sanford,16.23,2.42,13.81,2.00,8,2,3.76,13.11,162821072,61,0.00,10,10,19.99,0.00
Jackass 7 Movie Collection (DVD),54193531,032429240002,05 MEDIA AND GAMING,MOVIES L2,DVD MOVIES,DVD,Paramount,16.02,2.40,13.62,16.02,1,0,0.00,100.00,54193531,1,0.00,1,1,16.02,0.00
QDASZZ Pop Push Game Controller Gamepad Shape Pop Push tie dye Bubble Sensory Fidget Toy Autism Special Needs Stress Reliever for Kids & Adults (3 Colors),474339770,727387536143,07 TOYS,GIRL ACTIVITY,KIDS IMPULSE,NOVELTY TOYS,QDASZZ,16.00,2.40,13.60,16.00,1,0,0.00,100.00,474339770,1,0.00,1,1,16.00,0.00
"Scotch-Brite Disposable Toilet Scrubber Refills, Removes Rust & Hard Water Stains, 10 Disposable Refills",523076558,523076558,13 HOUSEHOLD CHEMICALS,DISH GROUP,CLEANING TOOLS,SPONGES,Scotch-Brite,16.00,1.28,14.72,8.00,2,0,0.00,100.00,523076558,2,0.00,2,2,16.00,0.00
Django Unchained (Blu-ray + DVD + Digital Copy),23553895,23553895,05 MEDIA AND GAMING,MOVIES L2,BLURAY DVD,BLURAY,Lionsgate Home Entertainment,15.52,2.32,13.20,7.76,2,0,0.00,100.00,23553895,2,0.00,2,2,15.52,0.00
"New Diamond Leather Steering Wheel Cover with Bling Bling Crystal Rhinestones, Universal Fit 15 Inch Anti-Slip Wheel Protector for Women Girls,Black Black",316912565,719889638609,10 AUTOMOTIVE,UNIVERSAL AUTO ACC,AUTO SEATCOVERS,AUTO SEAT COVERS,ChuLian,15.25,1.83,13.42,15.25,1,0,0.00,20.00,316912565,5,0.00,1,1,15.25,0.00
Blackberry Smoke - You Hear Georgia - CD,826036145,787790454786,05 MEDIA AND GAMING,MUSIC L2,MUSIC MEDIA,CD MUSIC,Blackberry Smoke,15.17,2.28,12.89,15.17,1,0,0.00,33.33,826036145,3,0.00,1,1,15.17,0.00
Littlest Pet Shop Pet Pawsabilities Gunther Moody & Getrude Catterson,36757157,653569984979,07 TOYS,BOY ACTIVITY,TOY ACTION FIGURES,ACTION FIGURES,Hasbro,15.00,2.25,12.75,15.00,1,0,0.00,50.00,36757157,2,0.00,1,1,15.00,0.00
"GoSports Blocking Pad 24"" x 16"" Great for Martial Arts & Sports Training (Football, Basketball, Hockey, Lacrosse and More), Black",991914342,767659996725,09 SPORTING GOODS,FITNESS,SMALL EXERCISE AND BOXING,BOXING,GoSports,15.00,2.25,12.75,15.00,1,0,0.00,100.00,991914342,1,0.00,1,1,15.00,0.00
25 Rare Pokemon Cards with 100 HP or Higher (Assorted Lot with No Duplicates) (Original Version),274802470,274802470,82 IMPULSE MERCHANDISE,D82 COLLECTIBLES,D82 COLLECTIBLES L3,D82 SPORTS COLLECTIBLES,Pokmon,14.99,2.25,12.74,14.99,1,0,0.00,100.00,274802470,1,0.00,1,1,14.99,0.00
"Benebone Real Bacon Durable Wishbone Dog Chew Toy, Medium",164495053,854111004002,08 PETS AND SUPPLIES,PETS MISC L2,PETS MISC L3,PETS MISC L4,Benebone,14.74,2.21,12.53,14.74,1,0,0.00,0.00,164495053,0,0.00,1,1,14.74,0.00
"Maybelline Eyestudio Hyper Easy Liquid Eyeliner, Eye Makeup, Pitch Black, 0.018 fl oz",345958875,041554578607,46 BEAUTY,COSMETICS,COSMETICS EYE,COSMETIC EYELINER,Maybelline,14.67,1.17,13.50,4.89,3,1,4.89,18.75,345958875,16,0.00,4,4,19.56,0.00
"21/32 in. x 1-1/8 in., White Drawer Guide Kit (2-pack)",41141372,41141372,12 DO IT YOURSELF,HARDWARE AND TOILET SEATS,HOME HARDWARE,CABINET AND FURNITURE HARDWARE,Prime-Line,14.58,2.19,12.39,4.86,3,0,0.00,0.00,41141372,0,0.00,0,3,14.58,0.00
"Ziploc Brand Freezer Quart Bags with Grip 'n Seal Technology, 19 Count",710750345,710750345,04 HOUSEHOLD PAPER,TABLETOP GROUP,FOILS BAGS AND WRAPS,FOOD STORAGE BAGS,Ziploc,14.56,2.18,12.38,4.85,3,0,0.00,0.00,710750345,0,0.00,2,3,14.56,0.00
"Nizoral A-D Anti-Dandruff Shampoo, 7 Oz",856878537,053076191400,46 BEAUTY,GM HAIRCARE,MENS SCALP REGROWTH,SCALP MEDICATED HAIR PRODUCTS,NIZORAL,14.41,2.16,12.25,14.41,1,0,0.00,16.67,856878537,6,0.00,1,1,14.41,0.00
"Kaytee Timothy Biscuits Baked Carrot Small Animal Food, 4 Oz",25582440,071859944838,08 PETS AND SUPPLIES,SPECIALTY PETS,SMALL ANIMAL,SMALL ANIMAL FEED AND TREATS,Kaytee,14.19,2.13,12.06,2.84,5,0,0.00,38.46,25582440,13,0.00,5,5,14.19,0.00
"Air Wick Plug in Scented Oil Refill, 5 ct, Hibiscus and Blooming Orchids, Air Freshener, Essential Oils, Spring Collection",391136937,062338020662,13 HOUSEHOLD CHEMICALS,HOUSEHOLD CHEMICALS GROUP,AIR FRESHENERS AND DEODORIZERS,OILS,Air Wick,14.00,2.10,11.90,7.43,2,5,38.00,4.55,391136937,44,0.00,4,7,52.00,0.00
"wellvo Pop Its Fidget Spinner, 6 Pack Simple Dimple Fidget Toy Fidget Popper Packs Push Pop Bubble Sensory Toy for Kids Adults ADHD Stress Autism Anxiety Stress Relief Reducer",841805361,841805361,07 TOYS,GIRL ACTIVITY,KIDS IMPULSE,COLLECTIBLE IMPULSE,wellvo,13.99,2.10,11.89,13.99,1,0,0.00,14.29,841805361,7,0.00,1,1,13.99,0.00
"Mesh Clear Zipper Pouch - Letter Size Waterproof Document Pouch for School Office Supplies, Education & Crafts Organizing Storage 5 Colors File Pockets",512790402,512790402,03 STATIONERY,FILING ORG SECURITY,FILING,FILE FOLDERS AND ACCESSORIES,siweida,13.96,2.09,11.87,13.96,1,0,0.00,100.00,512790402,1,0.00,1,1,13.96,0.00
Bamboo Baby Washcloths - Hypoallergenic 2 Layer Ultra Soft Absorbent Bamboo Towel - Newborn Bath Face Towel - Natural Reusable Baby Wipes for Sensitive Skin - Baby Registry as Shower White,290311129,787794203458,20 BATH AND SHOWER,20 BATH,BATH TOWELS,BATH TOWELS MISC,HIPHOP PANDA,13.76,2.06,11.70,13.76,1,0,0.00,0.00,290311129,0,0.00,1,1,13.76,0.00
Dr. Squatch - Natural Bar Soap Bay Rum - 5 oz.,198965110,863765000025,02 PERSONAL CARE,BODY CARE,BAR SOAP,MALE BAR SOAP,Dr. Squatch Soap Co.,13.71,2.06,11.65,13.71,1,0,0.00,20.00,198965110,5,0.00,1,1,13.71,0.00
Command Small Wire Hooks White 3 Hooks 4 Strips Organize Damage Free,789004163,300715269786,11 HARDWARE AND TOOLS,LIGHTING AND FASTENERS,FASTENERS,DAMAGE FREE HOOKS AND HANGING,Command,13.50,2.04,11.46,4.50,3,0,0.00,0.00,789004163,0,0.00,2,3,13.50,0.00
Premium Cardstock 110 lb 8.5 x 11 White 200/Ream 168380R,695348702,010199168382,03 STATIONERY,ACTIVITIES SUPPLIES,COPY PAPER,CARDSTOCK,Hammermill,13.45,2.02,11.43,13.45,1,0,0.00,0.00,695348702,0,0.00,1,1,13.45,0.00
"TICONDEROGA Pencils, Wood-Cased, Pre-Sharpened, Graphite #2 HB Soft, Yellow, 18-Pack (13818)",570774822,343538251125,03 STATIONERY,WRITING OFFICE BOARDS,WRITING,PENCILS,Ticonderoga,13.15,1.97,11.18,6.58,2,0,0.00,20.00,570774822,10,0.00,2,2,13.15,0.00
"Duracell - CopperTop AA Alkaline Batteries - long lasting, all-purpose Double A battery for household and business - 10 Count",240825624,800187841980,82 IMPULSE MERCHANDISE,BATTERIES,D82 BATTERIES,GENERAL PURPOSE BATTERIES,Duracell,12.81,1.92,10.89,12.81,1,0,0.00,0.00,240825624,0,0.00,1,1,12.81,0.00
"Bounce Fabric Softener Sheets, Free &amp; Gentle, 240 Count",818789290,794168525962,13 HOUSEHOLD CHEMICALS,LAUNDRY GROUP,ADDITIVES,FABRIC SOFTENERS,Bounce,12.73,1.91,10.82,12.73,1,0,0.00,100.00,818789290,1,0.00,1,1,12.73,0.00
"Obstal 6ft Stretch Spandex Table Cover for Standard Folding Tables - Universal Rectangular Fitted Tablecloth Protector for Wedding, Banquet and Party Black, 72 Length x 30 Width x 30 Height Inches",463984923,793169732195,14 COOK AND DINE,TABLE SETTINGS,COORDINATED DINING,TABLECLOTHS RNR,Obstal,12.72,1.91,10.81,20.02,0,2,27.32,0.00,463984923,2,0.00,2,2,40.04,0.00
Finish - All in 1 - 94ct - Dishwasher Detergent - Powerball - Dishwashing Tablets - Dish Tabs - Fresh Scent (Packaging May Vary) NEW,973465383,016027564784,13 HOUSEHOLD CHEMICALS,DISH GROUP,DISH CLEANING PRODUCTS,DISH TABLETS,Finish,12.59,1.89,10.70,12.59,1,0,0.00,33.33,973465383,3,0.00,1,1,12.59,0.00
"Joytale Reflective Dog Collar,Soft Neoprene Padded Breathable Nylon Pet Collar Adjustable for Large Dogs,Teal,L",208013323,738630235775,08 PETS AND SUPPLIES,SMALL PET DURABLES,DOG AND CAT COLLARS LEASHES AND HARNESSES2,DOG AND CAT COLLARS,Joytale,12.59,1.89,10.70,12.59,1,0,0.00,0.00,208013323,0,0.00,1,1,12.59,0.00
"Profile Ballpoint Retractable Pen, Red Ink, Bold, Dozen",918139066,801593300559,03 STATIONERY,WRITING OFFICE BOARDS,WRITING,INK PENS,Paper Mate,12.53,1.88,10.65,12.53,1,0,0.00,16.67,918139066,6,0.00,1,1,12.53,0.00
"Oxford Ruled Index Cards, 3"" x 5"", White, 100-Pack (31)",166168474,739197113445,03 STATIONERY,OFFICE SUPPLIES ONLINE B2B,OFFICE SUPPLIES,INDEX CARDS,Oxford,12.34,1.86,10.48,6.17,2,0,0.00,100.00,166168474,2,0.00,2,2,12.34,0.00
Other Voices Too,851359,075596223522,05 MEDIA AND GAMING,MUSIC L2,MUSIC MEDIA,CD MUSIC,ELEKTRA / WEA,12.06,1.81,10.25,12.06,1,1,12.06,100.00,851359,1,0.00,2,2,24.12,0.00
"Gillette Satin Care Ultra Sensitive Women's Shave Gel, 7 Oz Twin Pack",47519695,047400657014,02 PERSONAL CARE,SHAVE AND GROOMING,SHAVE PREP AND BLADELESS HAIR REMOVAL,WOMENS SHAVE PREP,Gillette,12.00,0.96,11.04,6.00,2,0,0.00,0.63,47519695,320,0.00,2,2,12.00,0.00
"Hard As Hoof Nail Strengthening Cream with Cherry Almond Scent Nail Strengthener & Nail Growth Cream Prevents Splits, Chips, Cracks & Strengthens Nails, 1 oz",375146061,717937030474,46 BEAUTY,BEAUTY ACCESSORIES,NAILCARE,NAIL TREATMENTS,Hoof,12.00,1.80,10.20,12.00,1,0,0.00,0.00,375146061,0,0.00,1,1,12.00,0.00
Jonny Cat Heavy Duty Drawstring Cat Litter Box Liners,753348756,041334001509,08 PETS AND SUPPLIES,CAT LITTER L2,CAT LITTER ACCESSORIES AND BOXES,CAT LITTER ACCESSORIES,Jonny Cat,12.00,1.80,10.20,12.00,1,0,0.00,0.00,753348756,0,0.00,1,1,12.00,0.00
"LIVINGO 5"" Small School Student Blunt Tip Kids Craft Scissors, Sharp Stainless Steel Blades Safety Soft Grip Handles for Children Cutting Paper, Assorted Color, 3 Pack",111411004,721968264449,03 STATIONERY,ACTIVITIES SUPPLIES,SCHOOL SUPPLIES,SCHOOL TOOLS,LIVINGO,11.90,1.79,10.11,11.90,1,0,0.00,33.33,111411004,3,0.00,1,1,11.90,0.00
"Multipet Loofa Dog Mini, 6 Inches, Assorted Colors",8222850,8222850,08 PETS AND SUPPLIES,SMALL PET DURABLES,DOG AND CAT ACCESSORIES,DOG TOYS,Multipet,11.76,1.77,9.99,3.92,3,0,0.00,300.00,8222850,1,0.00,3,3,11.76,0.00
"GIFTME 5 Metal Yard Art Grasshopper Garden Statues Suitable for Patio,Lawn,Tree,Backyard Locust Decor,9.5 Inch Green",636995645,636995645,16 PATIO AND GARDEN,PATIO DECOR,OUTDOOR DECOR,LAWN DECOR,GIFTME 5,11.61,1.74,9.87,11.61,1,0,0.00,0.00,636995645,0,0.00,1,1,11.61,0.00
"BIC Wite-Out Brand EZ Correct Correction Tape, White Tape, Applies Dry For Instant Fixes, Colorful Dispensers, 4 Count",19686651,19686651,03 STATIONERY,WRITING OFFICE BOARDS,WRITING,CORRECTION,BIC,11.55,1.74,9.81,3.85,3,0,0.00,11.11,19686651,27,0.00,3,3,11.55,0.00
"Ziploc Storage Bags, Double Zipper Seal & Expandable Bottom, Jumbo, 3 Count, Big Bag",854324356,854324356,04 HOUSEHOLD PAPER,TABLETOP GROUP,FOILS BAGS AND WRAPS,FOOD STORAGE BAGS,Ziploc,11.00,1.65,9.35,11.00,1,1,11.00,7.14,854324356,14,0.00,2,2,22.00,0.00
Ultra Pro 20 Pocket (Coin) Pages (10Ct),47708875,074427817022,82 IMPULSE MERCHANDISE,D82 COLLECTIBLES,D82 COLLECTIBLES L3,D82 COLLECTIBLE SUPPLIES,Toys and Games,10.96,1.64,9.32,10.96,1,0,0.00,0.00,47708875,0,0.00,1,1,10.96,0.00
goodcook Plastic 7 Quart Multi-Purpose Bowl,14938515,14938515,14 COOK AND DINE,GADGETS AND CUTLERY,GADGETS,SPECIALTY TOOLS,Bradshaw,10.86,0.00,10.86,10.86,1,0,0.00,25.00,14938515,4,0.00,1,1,10.86,0.00
Rainbow Tie Dye Reusable Cloth Face Mask,182721642,840011623894,31 ACCESSORIES,ACCESSORIES ECOMM,FACE COVERINGS ECOMM,FACEMASKS EC ADULT,Briarwood,10.86,1.63,9.23,10.86,1,0,0.00,0.00,182721642,0,0.00,1,1,10.86,0.00
GUM Proxabrush Go-Betweens Cleaners Micro Tight 10 ct,568673250,070942002950,02 PERSONAL CARE,ORAL CARE,FLOSS INTERDENTAL,INTERDENTAL ACCESSORIES,GUM,10.84,0.87,9.97,5.42,2,0,0.00,66.67,568673250,3,0.00,2,2,10.84,0.00
"Expo Low Odor Dry Erase Marker Set with White Board Eraser and Cleaner | Chisel Tip Dry Erase Markers | Assorted Colors, 6-Piece Set with Whiteboard Cleaner",293016330,780411820168,03 STATIONERY,WRITING OFFICE BOARDS,WRITING,DRY ERASE MARKERS,Expo,10.54,1.58,8.96,10.54,1,0,0.00,0.00,293016330,0,0.00,1,1,10.54,0.00
Little Trees Car Air Freshener 6-Pack (Bayside Breeze),462462389,761792324292,10 AUTOMOTIVE,UNIVERSAL AUTO ACC,AUTO FRAGRANCES,AUTO AIR FRESHENERS,LITTLE TREES,10.09,1.21,8.88,10.09,1,0,0.00,100.00,462462389,1,0.00,1,1,10.09,0.00
"Ergobaby Omni 360 All-Position Baby Carrier for Newborn to Toddler with Lumbar Support (7-45 Pounds), Pure Black",981883278,751300119557,79 BABY CONSUMABLES HARDLINES,SMALL GEAR,CARRIERS,CARRIERS AND WRAPS,Ergobaby,10.00,0.80,9.20,10.00,1,0,0.00,0.00,981883278,0,0.00,1,1,10.00,0.00
"Instant Pot Omni Plus Air Fryer Toaster Oven, 26L, 11 in 1",261967575,689833729076,14 COOK AND DINE,GADGETS AND CUTLERY,GADGETS,SPECIALTY TOOLS,Instant Pot,10.00,1.50,8.50,10.00,1,2,20.00,20.00,261967575,5,0.00,2,3,30.00,0.00
"Neutrogena Transparent Facial Bar, Original Formula, Fragrance Free, 3.5 Ounce",124575561,124575561,02 PERSONAL CARE,SEASONAL L2,TRIAL AND TRAVEL,PERSONAL CARE PRODUCTS,Neutrogena,9.84,0.78,9.06,3.28,3,0,0.00,0.00,124575561,0,0.00,1,3,9.84,0.00
"Nishiki Medium Grain Rice Specially selected, 80 Oz",12442808,011152285894,92 GROCERY,SPECIALTY FOODS,ASIAN,ASIAN FOODS,Nishiki,9.78,0.78,9.00,4.89,2,1,4.89,33.33,12442808,6,0.00,2,3,14.67,0.00
CRC 05089 BRAKLEEN Brake Parts Cleaner - Non-Flammable -19 Wt Oz,118617271,118617271,10 AUTOMOTIVE,AUTO CHEMICALS AND EQUIPMENT,AUTO CHEMICALS,AUTO CLEANERS AND DEGREASERS,CRC,9.32,1.12,8.20,4.66,2,0,0.00,28.57,118617271,7,0.00,1,2,9.32,0.00
"SunWorks Construction Paper, 10 Assorted Colors,  12"" x 18"", 50 Sheets",113922666,640206558174,19 ARTS CRAFTS SEWING AND FABRICS,ART AND ADULT CRAFTS,PAPER CRAFTS,PAPER CRAFTING,SunWorks,9.30,1.40,7.90,9.30,1,0,0.00,100.00,113922666,1,0.00,1,1,9.30,0.00
"Pop-tech 9 Pack Sticky Adhesive Replacement Parts, 6 Pack 3M VHB Sticker Pads for Socket Mount Base Grip Stand Back,3 Pcs Dots Strong Double Sided Tape for Magnetic Phone Holder & Finger Rin",892366589,892366589,87 WIRELESS,WIRELESS ACCESSORIES L2,MISC ACCESSORIES,MISC ACCESSORIES L4,pop-tech,9.30,1.40,7.90,9.30,1,0,0.00,100.00,892366589,1,0.00,1,1,9.30,0.00
"Sharpie Tank Highlighters | Chisel Tip Yellow Highlighter Pens, 12 Count",409223819,409223819,03 STATIONERY,WRITING OFFICE BOARDS,WRITING,HIGHLIGHTERS,Sharpie,8.59,1.29,7.30,8.59,1,0,0.00,0.00,409223819,0,0.00,1,1,8.59,0.00
Hoffmaster Group 324357 54 x 102 in. Serape Plastic Border Tablecover All Over Print&#44; Pack of 6,631086735,631086735,67 CELEBRATION,CELEBRATION MISC L2,CELEBRATION MISC L3,CELEBRATION MISC L4,Hoffmaster,8.24,1.24,7.00,8.24,1,0,0.00,0.00,631086735,0,0.00,1,1,8.24,0.00
Laugh Out Loud Collection (DVD),41474210,043396451155,05 MEDIA AND GAMING,MOVIES L2,DVD MOVIES,DVD,Sony Pictures Entertainment,8.00,1.20,6.80,8.00,1,0,0.00,0.00,41474210,0,0.00,1,1,8.00,0.00
Swiss Family Robinson (DVD),1957211,786936143836,05 MEDIA AND GAMING,MOVIES L2,DVD MOVIES,DVD,Disney,8.00,1.20,6.80,8.00,1,0,0.00,100.00,1957211,1,0.00,1,1,8.00,0.00
LOCK LOCK Aqua Fridge Door Water Jug with Handle BPA Free Plastic Pitcher with Flip Top Lid Perfect for Making Teas and Juices 2 liters Blue,327687505,781147367910,UNASSIGNED L1,UNASSIGNED L2,ITEM SPEC L3 UNASSIGNED,ITEM SPEC OTHER,LOCK&LOCK,8.00,1.20,6.80,8.00,1,0,0.00,0.00,327687505,0,0.00,1,1,8.00,0.00
bettli clear round self-adhesive rubber pad bumpers for home kitchen glass foot drawers cabinet door,929197193,929197193,12 DO IT YOURSELF,HARDWARE AND TOILET SEATS,HOME HARDWARE,DOOR HARDWARE AND LOCK SETS,Bettli,7.90,1.19,6.71,7.90,1,0,0.00,0.00,929197193,0,0.00,1,1,7.90,0.00
"BIC 4-Color Ballpoint Pen, Medium Point (1.0mm), Assorted Inks, 3-Count",560445864,300716399581,03 STATIONERY,WRITING OFFICE BOARDS,WRITING,INK PENS,BIC,7.75,1.16,6.59,7.75,1,0,0.00,0.00,560445864,0,0.00,1,1,7.75,0.00
Blistex Lip Balm Medex,912463047,912463047,40 PHARMACY OTC,HEALTH CARE,COUGH COLD FLU,LIP CARE,Everready First Aid,7.67,0.62,7.05,3.84,2,0,0.00,0.00,912463047,0,0.00,2,2,7.67,0.00
"Door Stopper Wall Protector,Dermasy 6 PCS Round Soft Rubber Door Stopper Wall Protector Reusable Self Adhesive Door Handle Bumper for Wall and Refrigerator Door Quiet Shock Absorben (Clear)",167521011,167521011,12 DO IT YOURSELF,HARDWARE AND TOILET SEATS,HOME HARDWARE,DOOR HARDWARE AND LOCK SETS,Dermasy,7.48,1.12,6.36,7.48,1,0,0.00,100.00,167521011,1,0.00,1,1,7.48,0.00
Creative Teaching Materials Music CD-30 Songs For Rest Time,47454165,718451103521,05 MEDIA AND GAMING,MUSIC L2,MUSIC MEDIA,CD MUSIC,PBS,7.10,1.07,6.03,7.10,1,0,0.00,100.00,47454165,1,0.00,1,1,7.10,0.00
"Scalp Massager, 2 Pack Scalp Brush Hair Shampoo Brush Head Scrubber [ 2020 Upgraded Version ] 100% Comfortable for All Hair Types of Curly Girls, Women, Wife, Girlfriend, Daughter, Men, Kids, Pets",722780625,665268961731,46 BEAUTY,SPECIALTY HAIR,HAIR ACCESSORIES,HAIR BRUSHES AND COMBS,Cbiumpro,7.01,0.56,6.45,7.01,1,0,0.00,50.00,722780625,2,0.00,1,1,7.01,0.00
Miracle-Gro Indoor Potting Mix 6 qt.,144961129,032247277648,56 HORTICULTURE,LANDSCAPING,POTTING SOILS,SPECIALTY POTTING MIX,Miracle-Gro,6.97,1.05,5.92,6.97,1,0,0.00,4.55,144961129,22,0.00,1,1,6.97,0.00
"Ziploc Snack Bags with New Grip 'n Seal Technology, Ideal for Packing Cookies, Fruits, Vegetables, Chips and More, 40 Count",628225526,628225526,04 HOUSEHOLD PAPER,TABLETOP GROUP,FOILS BAGS AND WRAPS,FOOD STORAGE BAGS,SC Johnson,6.14,0.92,5.22,6.14,1,0,0.00,12.50,628225526,8,0.00,1,1,6.14,0.00
"Elmer's Washable All-Purpose School Glue Stick, 0.24 oz, Pack of 4 (E542)",117529092,638458758077,03 STATIONERY,ACTIVITIES SUPPLIES,ACTIVITY,GLUE,Hunt,6.00,0.90,5.10,6.00,1,0,0.00,33.33,117529092,3,0.00,1,1,6.00,0.00
"Dial Antibacterial Liquid Hand Soap, Gold, 7.5 Ounce",118491428,118491428,02 PERSONAL CARE,BODY CARE,HAND SOAP,HAND LIQUID PUMP,Dial,6.00,0.48,5.52,3.00,2,0,0.00,33.33,118491428,6,0.00,1,2,6.00,0.00
"QIYI Little Golden Elephant Upgraded Infinity Cube Fidget Toy,Cool Mini Gadget Best for Stress and Anxiety Relief and Kill Time, Special Designed Texture Artistic and Fashion(Emerald Green)",728352521,728352521,07 TOYS,GIRL ACTIVITY,KIDS IMPULSE,COLLECTIBLE IMPULSE,QIYI,6.00,0.90,5.10,6.00,1,0,0.00,100.00,728352521,1,0.00,1,1,6.00,0.00
SOFT SHEEN Carson Magic Extra Strength Shaving Powder RED 5oz/142g by Magic,922784875,700112429651,02 PERSONAL CARE,SHAVE AND GROOMING,SHAVE PREP AND BLADELESS HAIR REMOVAL,MENS SHAVE PREP,SOFT,5.89,0.47,5.42,5.89,1,0,0.00,25.00,922784875,4,0.00,1,1,5.89,0.00
Pretty Woman (DVD),3873337,786936281330,05 MEDIA AND GAMING,MOVIES L2,DVD MOVIES,DVD,Disney,5.55,0.83,4.72,5.55,1,0,0.00,20.00,3873337,5,0.00,1,1,5.55,0.00
Anpro 15 Pack Ring Size Adjuster- with 3 Sizes Clear Ring Sizer Resizer Fit for Loose Rings-Spiral Silicone Tightener Set with Polishing Cloth(Please See The Below Picture for The Steps),484835553,742297665332,32 JEWELRY,FASHION AND BRIDGE JEWELRY ECOMM,JEWELRY SOLUTIONS ECOMM,OTHER JEWELRY SOLUTIONS EC,Anpro,5.48,0.82,4.66,5.48,1,0,0.00,0.00,484835553,0,0.00,1,1,5.48,0.00
Diane Eyebrow Razors,570621344,570621344,02 PERSONAL CARE,SHAVE AND GROOMING,BLADES AND RAZORS,MENS BLADES AND RAZORS,Diane,5.48,0.44,5.04,2.74,2,0,0.00,0.00,570621344,0,0.00,1,2,5.48,0.00
"Dial Antibacterial Deodorant Bar Soap, Gold, 4 Ounce, 3 Bars",332970578,332970578,02 PERSONAL CARE,BODY CARE,HAND SOAP,HAND LIQUID PUMP,Dial,5.43,0.44,4.99,2.72,2,0,0.00,100.00,332970578,2,0.00,2,2,5.43,0.00
"tops 1-subject notebooks, spiral, 8"" x 10-1/2"", college rule, color assortment may vary, 70 sheets, 6 pack (65007)",776415960,776415960,03 STATIONERY,NOTETAKING BINDERS,NOTETAKING,NOTEBOOKS,Tops,5.36,0.80,4.56,5.36,1,0,0.00,100.00,776415960,1,0.00,1,1,5.36,0.00
"PUR Gum, Aspartame Free Bubblegum Gum, 55pcs",646153559,830028001501,01 CANDY AND TOBACCO,BASIC CANDY,GUM MINT D1,GUM MULTIPACK,The PUR Company,4.85,0.39,4.46,4.85,1,0,0.00,20.00,646153559,5,0.00,1,1,4.85,0.00
ACDelco GM Original Equipment Multi-Purpose Retainer 24205103,49410849,49410849,10 AUTOMOTIVE,AUTO DOTCOM PARTS AND ACCESSORIES,ECOM DF UNDER HOOD REP AND PERF,ECOM AUTO DF HVAC AND ENGINE COOLING,ACDelco,4.58,0.55,4.03,4.58,1,0,0.00,25.00,49410849,4,0.00,1,1,4.58,0.00
"Cake Decorating Gumpaste Flowers The Easiest Rose Ever Cutter Cookie Cutters, Set of 3",688188849,688188849,14 COOK AND DINE,GADGETS AND CUTLERY,GADGETS,BAKING GADGETS,Consio,4.46,0.67,3.79,4.46,1,0,0.00,100.00,688188849,1,0.00,1,1,4.46,0.00
"Hello Activated Charcoal Epic Whitening Fluoride Free Toothpaste, Fresh Mint + Coconut Oil, Vegan & SLS Free",529826900,819156020035,02 PERSONAL CARE,ORAL CARE,TOOTHPASTE,ADULT TOOTHPASTE,Hello,4.44,0.36,4.08,3.78,1,3,10.66,0.66,529826900,151,0.00,4,4,15.10,0.00
"Wilton Icing Bag Ties, 12-Count - Rubber Icing Bag Ties",221282395,221282395,67 CELEBRATION,CARDS WRAP STAT STKRS,BAKING,DECORATING,Wilton,4.06,0.32,3.74,4.06,1,0,0.00,0.00,221282395,0,0.00,1,1,4.06,0.00
"School Zone Publishing School Zone Publishing Flash Cards, 1 ea",19759601,076645040084,07 TOYS,GAMES AND ELECTRONICS,ELECTRONIC GAMES AND LEARNING,EDUCATION TOYS,School Zone,3.66,0.55,3.11,3.66,1,0,0.00,0.00,19759601,0,0.00,1,1,3.66,0.00
"Wilton 1.75""x1.75"" Pre-Cut Flower Squares, 50 ct. 414-920",28607295,28607295,67 CELEBRATION,CARDS WRAP STAT STKRS,BAKING,DECORATING,Wilton,3.14,0.47,2.67,3.14,1,0,0.00,0.00,28607295,0,0.00,1,1,3.14,0.00
kaytee timothy biscuits baked treat apple 4 oz,814878764,604945279417,08 PETS AND SUPPLIES,SPECIALTY PETS,SMALL ANIMAL,SMALL ANIMAL FEED AND TREATS,Kaytee,3.00,0.45,2.55,3.00,1,0,0.00,0.00,814878764,0,0.00,1,1,3.00,0.00
Dirty Dancing (DVD),2408225,012236146995,05 MEDIA AND GAMING,MOVIES L2,DVD MOVIES,DVD,Lionsgate Home Entertainment,2.80,0.42,2.38,2.80,1,0,0.00,50.00,2408225,2,0.00,1,1,2.80,0.00
"London Cocoa Butter Naturally Moisturizing Bath Bar, 4.25 Oz",46008152,041840829529,46 BEAUTY,SPECIALTY HAIR,TEXTURED HAIR AND BEAUTY AIDS,AA SKIN CARE,Yardley London,1.76,0.14,1.62,1.76,1,0,0.00,33.33,46008152,3,0.00,1,1,1.76,0.00
3 Pack Love Face Mask,699638404,027459308068,31 ACCESSORIES,ACCESSORIES ECOMM,FACE COVERINGS ECOMM,FACEMASKS EC CHILDRENS,Nannette,0.00,0.00,0.00,9.99,0,1,9.99,0.00,699638404,1,0.00,1,1,9.99,0.00
"Chefman Panini Press Grill and Gourmet Sandwich Maker Non-Stick Coated Plates, Opens 180 Degrees to Fit Any Type or Size of Food, Stainless Steel Surface and Removable Drip Tray, 4 Slice",884347146,783103315133,14 COOK AND DINE,HEATED APPLIANCES,HEATED COOKING,INDOOR GRILLS,Chefman,0.00,0.00,0.00,19.00,0,2,38.00,0.00,884347146,25,0.00,2,2,38.00,0.00
Sawyer Picaridin 64 oz Lotion Pump Bottle,55179438,050716005677,16 PATIO AND GARDEN,LAWN AND GARDEN CHEMICALS,PESTICIDES,RODENTICIDES,Sawyer,0.00,0.00,0.00,9.79,0,1,9.79,0.00,55179438,1,0.00,1,1,9.79,0.00
"Joico K-Pak Liquid Reconstructor, 10.1-Ounce",159089732,793379241869,46 BEAUTY,PRESTIGE BEAUTY,PRESTIGE HAIRCARE,PRESTIGE TREATMENTS,Joico,0.00,0.00,0.00,0.00,-1,1,0.00,0.00,159089732,0,0.00,1,0,0.00,0.00
"EuroPharma Terry Naturally  Curamin, 60 ea",125741930,367703112066,40 PHARMACY OTC,PHARMACY OTC MISC L2,PHARMACY OTC MISC L3,PHARMACY OTC MISC L4,Terry Naturally,0.00,0.00,0.00,29.00,0,1,29.00,0.00,125741930,1,0.00,1,1,29.00,0.00
"iTouchless 13 Gallon Touchless Sensor Kitchen Trash Can, Stainless Steel, Odor Filter System",10251332,897112000895,74 HOME MANAGEMENT,WASTE HAMPERS AND HANGERS,WASTE,STAINLESS STEEL WASTE,iTouchless,0.00,0.00,0.00,27.99,0,1,27.99,0.00,10251332,53,0.00,1,1,27.99,0.00
"OFM Essentials Collection 46"" X 60"" Chair Mat for Hard Flooring",936542644,302687487335,71 FURNITURE,FURNITURE,HOME OFFICE,OFFICE ACCESSORIES,OFM,0.00,0.00,0.00,0.00,0,0,0.00,0.00,936542644,0,0.00,0,0,0.00,0.00
The Hitmans Bodyguard (Blu-ray + DVD),715824872,031398273769,05 MEDIA AND GAMING,MOVIES L2,BLURAY DVD,BLURAY,Lionsgate Home Entertainment,0.00,0.00,0.00,6.99,0,1,6.99,0.00,715824872,9,0.00,1,1,6.99,0.00
"Fresh Step Advanced Clumping Cat Litter with Activated Charcoal & Natural Odor Control - Unscented, 37 Lb (2x18.5lb Pack), Gray (32403)",955990699,044600324036,08 PETS AND SUPPLIES,CAT LITTER L2,CAT LITTER,ALL CAT LITTER,Fresh Step,0.00,0.00,0.00,20.29,0,2,40.58,0.00,955990699,0,0.00,1,2,40.58,0.00
VELCRO Brand Industrial Strength Fasteners | Stick-On Adhesive | Professional Grade Heavy Duty Strength Holds up to 10 lbs on Smooth Surfaces | Indoor Outdoor Use | 1 7/8in Circles. Black . 4 ct.,19870767,19870767,19 ARTS CRAFTS SEWING AND FABRICS,FABRIC AND SEWING,NOTIONS,SEWING GARMENT CARE,VELCRO,0.00,0.00,0.00,0.02,0,10,0.15,0.00,19870767,10,0.00,2,10,0.15,0.00
Contigo 16 Ounce Autoseal Vacuum Insulated Stainless Steel Travel Black Mug with Easy Clean Lid,935884581,607869227731,14 COOK AND DINE,HYDRATION AND CHILDRENS,BEVERAGE,BEVERAGE WARM,Contigo,0.00,0.00,0.00,5.60,0,2,11.20,0.00,935884581,3,0.00,1,2,11.20,0.00
"Nerds Big Chewy Candy, 6 oz",196432180,079200701277,82 IMPULSE MERCHANDISE,FRONT END,FRONT END CANDY AND CHOCOLATE,FRONT END CANDY,Nerds,0.00,0.00,0.00,3.98,0,3,11.94,0.00,196432180,1,0.00,1,3,11.94,0.00
"EXPO 80661 Low-Odor Dry Erase Markers, Chisel Tip, Black, 4-Count",411801464,793611176584,03 STATIONERY,WRITING OFFICE BOARDS,WRITING,DRY ERASE MARKERS,Expo,0.00,0.00,0.00,3.98,0,1,3.98,0.00,411801464,1,0.00,1,1,3.98,0.00
poweka new pack of 5 primer bulb for stihl fs46 fs45 fs55 fs40 fs40c fs50 fs90 string trimmer,858312149,858312149,11 HARDWARE AND TOOLS,LIGHTING AND FASTENERS,LIGHT BULBS,GENERAL PURPOSE,Poweka,0.00,0.00,0.00,0.00,-1,1,0.00,-12.50,858312149,8,0.00,1,0,0.00,0.00
Zmodo Wireless Security Camera System (4 pack) Smart Full HD Outdoor WiFi IP Cameras with Night Vision,191447386,889490008822,72 ELECTRONICS,NETWORKING AND CONNECTIVITY,HOME SECURITY AND MONITORING,SMART CAMERAS,Zmodo,0.00,0.00,0.00,47.59,0,2,95.18,0.00,191447386,4,0.00,2,2,95.18,0.00
"Goplus Folding Camping Cot, Heavy-Duty Foldable Bed for Adults Kids W/Carry Bag, Side Pockets, 450 lbs (Max Load), Outdoor Portable Sleeping Cot for Traveling",803080578,712195794281,09 SPORTING GOODS,CAMPING SLEEPING AND RAIN,COTS,COTS SUBCAT,Goplus,0.00,0.00,0.00,31.00,0,2,62.00,0.00,803080578,3,0.00,2,2,62.00,0.00
Pancake and Waffle Almond Flour Baking Mix,117894195,856069005056,92 GROCERY,BAKING AND MIXES,SYRUPS AND MIXES,PANCAKE MIX,Simple Mills,0.00,0.00,0.00,4.69,0,1,4.69,0.00,117894195,2,0.00,1,1,4.69,0.00
Melissa & Doug Puppet Theater,711358887,810033410130,07 TOYS,GIRL ACTIVITY,DOLLS,MISC DOLLS,Melissa & Doug,0.00,0.00,0.00,39.00,0,1,39.00,0.00,711358887,0,0.00,1,1,39.00,0.00
"Brita Longlast Water Filter Replacement, Reduces Lead - 1 Count",55134429,060258362435,11 HARDWARE AND TOOLS,AIR AND WATER,WATER FILTRATION AND DISPENSERS,WATER PITCHER FILTERS,Brita,0.00,0.00,0.00,14.66,0,1,14.66,0.00,55134429,8,0.00,1,1,14.66,0.00
CHEFTRONIC Stand Mixer Tilt-head Mixers Kitchen Electric Dough Mixer for Household Aids 120V/650W 5.5qt Stainless Steel Bowl (Silver),283126063,699961356105,14 COOK AND DINE,HEATED APPLIANCES,FOOD PREPARATION,MIXERS,Cheftronic,0.00,0.00,0.00,25.50,0,3,76.50,0.00,283126063,2,0.00,2,3,76.50,0.00
TERRO Garbage Guard Insect Killer and Repellent - 1 Pack,602004241,070923078004,16 PATIO AND GARDEN,LAWN AND GARDEN CHEMICALS,CITRO AND REPELLENTS,AREA REPELLENTS,TERRO,0.00,0.00,0.00,21.36,0,4,85.42,0.00,602004241,53,0.00,2,4,85.42,0.00
"Zmodo Full HD Outdoor Home Wifi Security Surveillance Video Cameras System (2 Pack), Work with Google Assistant",659434946,889490011327,72 ELECTRONICS,NETWORKING AND CONNECTIVITY,HOME SECURITY AND MONITORING,SMART CAMERAS,Zmodo,0.00,0.00,0.00,84.00,0,1,84.00,0.00,659434946,25,0.00,1,1,84.00,0.00
"Glad ForceFlex Tall Kitchen Drawstring Trash Bags - 13 Gallon Trash Bag, Fresh Clean scent with Febreze Freshness - 110 Count",24553273,012587785546,04 HOUSEHOLD PAPER,WASTE MANAGEMENT,TRASH BAGS,GLAD TRASH BAGS,Glad,0.00,0.00,0.00,18.20,0,1,18.20,0.00,24553273,2,0.00,1,1,18.20,0.00
"Rachael Ray Cucina Nonstick Cookware Pots and Pans Set, 12 Piece, Agave Blue",338765510,191770730416,14 COOK AND DINE,COOKWARE AND BAKEWARE,COOKWARE SETS,NON STICK ALUMINUM,Rachael Ray,0.00,0.00,0.00,29.00,0,3,87.00,0.00,338765510,1,0.00,3,3,87.00,0.00
"Reynolds Cookie Baking Sheets Non-Stick Parchment Paper, 25 Sheet, 4 Count (100 Total) 25 Count (Pack of 4)",835264866,010900200707,16 PATIO AND GARDEN,PATIO AND GARDEN MISC,PATIO AND GARDEN MISC L3,PATIO AND GARDEN MISC L4,Reynolds Wrap,0.00,0.00,0.00,5.96,0,2,11.92,0.00,835264866,0,0.00,1,2,11.92,0.00
"BLACK+DECKER Workmate Portable Workbench, 350-Pound Capacity (WM125)",881946842,850004224151,11 HARDWARE AND TOOLS,GARAGE AND INDUSTRIAL CLEANING,GARAGE STORAGE,TOOL ORGANIZERS WORK STATIONS AND STANDS,BLACK+DECKER,0.00,0.00,0.00,29.00,0,1,29.00,0.00,881946842,5,0.00,1,1,29.00,0.00
"Coleman Power Steel  18' x 48"" Deluxe Series Pool Set",250245544,840080510798,07 TOYS,SUMMER SEASONAL,POOLS,LARGE POOLS,Coleman,0.00,0.00,0.00,185.00,0,2,370.00,0.00,250245544,17,0.00,2,2,370.00,0.00
"Campark X30 Action Camera Native 4K 60fps 20MP WiFi with EIS Touch Screen Waterproof Camera 40M, 2x1350mAh Batteries and Professional Accessories Compatible with gopro",681841530,681841530,06 CAMERAS AND SUPPLIES,CAMERAS,CAMERAS L3,POINT AND SHOOT CAMERAS,Campark,0.00,0.00,0.00,0.00,0,0,0.00,0.00,681841530,0,0.00,0,0,0.00,0.00
"Zesty Paws Advanced 8-in-1 Multivitamin Bites for Senior Dogs with Glucosamine, Fish Oil & Digestive Enzymes, 90 Soft Chews",954104234,856521007918,08 PETS AND SUPPLIES,PET HEALTH,PET HEALTH AND WELLNESS,DOG WELLNESS,Zesty Paws,0.00,0.00,0.00,35.97,0,1,35.97,0.00,954104234,9,0.00,1,1,35.97,0.00
"Doritos Cool Ranch Flavored Tortilla Chips, Cool Ranch, 1 oz Bags, 40 Count",710255114,028400676021,95 SNACKS AND BEVERAGES,SALTY SNACKS,SALTY SNACKS L3,CORN CHIPS,Doritos,0.00,0.00,0.00,16.77,0,1,16.77,0.00,710255114,0,0.00,1,1,16.77,0.00
"Sharpie Permanent Markers, Fine Point, Black, 5 Count",14922696,14922696,03 STATIONERY,WRITING OFFICE BOARDS,WRITING,PERMANENT MARKERS,Sharpie,0.00,0.00,0.00,3.32,0,1,3.32,0.00,14922696,30,0.00,1,1,3.32,0.00
"Duck Brand HD Clear High Performance Packaging Tape, 1.88-Inch x 54.6 Yard, Crystal Clear, 6-Pack (441962)",753010133,636123827783,03 STATIONERY,OFFICE SUPPLIES ONLINE B2B,OFFICE SUPPLIES,TAPE,Duck,0.00,0.00,0.00,2.78,0,5,13.90,0.00,753010133,2,0.00,1,5,13.90,0.00
"Ultimate Snack Care Package, Variety Assortment of Chips, Cookies, Crackers & More, 40 Count",735338641,023165424108,95 SNACKS AND BEVERAGES,SALTY SNACKS,VARIETY PACKS L3,VARIETY PACKS,Frito-Lay,0.00,0.00,0.00,22.37,0,1,22.37,0.00,735338641,3,0.00,1,1,22.37,0.00
Copy Plus Paper,165260375,031111432824,03 STATIONERY,ACTIVITIES SUPPLIES,COPY PAPER,REAM PAPER,Hammermill,0.00,0.00,0.00,9.98,0,2,19.96,0.00,165260375,2,0.00,2,2,19.96,0.00
Nanci Griffith - Intersection - CD,119633686,805520030960,05 MEDIA AND GAMING,MUSIC L2,MUSIC MEDIA,CD MUSIC,Nanci Griffith,0.00,0.00,0.00,0.00,-1,1,0.00,0.00,119633686,0,0.00,1,0,0.00,0.00
"Paper Mate, PAP1951253, InkJoy 100 RT Pens",168274663,071641102972,03 STATIONERY,WRITING OFFICE BOARDS,WRITING,INK PENS,Paper Mate,0.00,0.00,0.00,4.94,0,1,4.94,0.00,168274663,3,0.00,1,1,4.94,0.00
Pandemic Standard Packaging,137072466,137072466,07 TOYS,GAMES AND ELECTRONICS,BOARD GAMES,STRATEGY GAMES,Z-Man Games,0.00,0.00,0.00,26.27,0,2,52.54,0.00,137072466,35,0.00,2,2,52.54,0.00
"Kenneth Cole Reaction Out Of Bounds 20-Inch Carry-On Lightweight Durable Hardshell 4-Wheel Spinner Cabin Size Luggage, Charcoal",161869577,841710176766,74 HOME MANAGEMENT,GARMENT CARE AND LUGGAGE,LUGGAGE,LUGGAGE UPRIGHTS,Kenneth Cole,0.00,0.00,0.00,71.00,0,1,71.00,0.00,161869577,6,0.00,1,1,71.00,0.00
"pehael Privacy Screen Protector for iPhone 11 iPhone Xr, 9H Hardness Anty- Spy Tempered Glass, 3D Touch, Easy Install[6.1 inch](3 Pack) ?",156857714,686268952796,87 WIRELESS,WIRELESS ACCESSORIES L2,CASES,SCREEN PROTECTORS,pehael,0.00,0.00,0.00,7.14,0,1,7.14,0.00,156857714,6,0.00,1,1,7.14,0.00
"Crayola Take Note! Washable Gel Pen Set, 14 Count",553489903,071662264147,03 STATIONERY,WRITING OFFICE BOARDS,WRITING,INK PENS,Crayola,0.00,0.00,0.00,8.38,0,1,8.38,0.00,553489903,24,0.00,1,1,8.38,0.00
"Elmer's Liquid School Glue, Washable, 1 Gallon, 2 Count - Great for Making Slime",178971422,026000203401,03 STATIONERY,ACTIVITIES SUPPLIES,ACTIVITY,GLUE,Elmer's,0.00,-0.00,0.00,0.74,0,14,10.40,0.00,178971422,22,0.00,9,14,10.40,0.00
"Gillette Fusion Manual Men's Razor Blade Refills, 12 Count",158133694,047400510883,02 PERSONAL CARE,SHAVE AND GROOMING,BLADES AND RAZORS,MENS BLADES AND RAZORS,Gillette,-0.00,-0.00,-0.00,11.19,0,3,33.57,0.00,158133694,12,0.00,3,3,33.57,0.00
"Hartz Home Protection Lavender Scent Odor-Eliminating Dog Pads, XL, 30 in x 21 in, 30ct",36266498,032700148393,08 PETS AND SUPPLIES,PET HEALTH,PET TRAINING AND CLEANING,DOG AND CAT TRAINING AIDS AND WASTE DISPOSAL,Hartz,-6.82,-1.02,-5.80,0.00,-1,1,6.82,0.00,36266498,0,0.00,0,0,0.00,0.00
"Cetaphil Gentle Skin Cleanser | 16 fl oz (Pack of 2) | Hydrating Face Wash & Body Wash | Ideal for Sensitive, Dry Skin | Non-Irritating | Won't Clog Pores | Fragrance-Free | Dermatolog",722811715,029939215477,46 BEAUTY,SKINCARE,FACECARE,FACIAL CLEANSERS,Cetaphil,-6.99,-0.56,-6.43,6.99,-1,2,13.98,-16.67,722811715,6,0.00,1,1,6.99,0.00
"adidas Unisex Santiago Insulated Lunch Bag, Black/ White/ Rainbow, ONE SIZE",832834100,716106919558,74 HOME MANAGEMENT,FOOD STORAGE AND PRESERVATION,FOOD STORAGE,LUNCH BAGS,Adidas,-18.20,-2.73,-15.47,18.20,-1,2,36.40,-100.00,832834100,1,0.00,1,1,18.20,0.00
"Tully's Coffee French Roast, K-Cup for Keurig Brewers, 96 Count",497552423,070030116361,92 GROCERY,HOT BEVERAGE,COFFEE,SINGLE SERVE PODS,Tully's Coffee,-25.16,-3.77,-21.39,0.00,-1,1,25.16,-100.00,497552423,1,0.00,0,0,0.00,0.00
"Eureka Flash Lightweight Stick Vacuum Cleaner, 15KPa Powerful Suction, 2 in 1 Corded Handheld Vac for Hard Floor and Carpet, Black",303763930,303763930,74 HOME MANAGEMENT,VACUUMS AND FLOORCARE,FLOORCARE,VACUUM ACCESSORIES,Eureka,-42.00,-6.30,-35.70,0.00,-1,1,42.00,0.00,303763930,0,0.00,0,0,0.00,0.00
